2188 - 2248
 0.00  0.00  0.00 -3.03  6.83 -9.30 -13.44  2.05  2.48  6.32  8.00  3.07  4.03  0.82 -15.44  9.03 -14.31 -3.61 -11.62  5.67 -6.04  6.08 -1.92  8.35 -2.34  27.74 -12.47 -13.55 -5.76 -11.69 
 0.00  0.00  3.91  1.01  3.97 -9.83 -13.53  3.38  2.85 -13.28 -7.19 -0.37 -6.90 -6.46 -6.99 -11.85 -6.29 -4.29  1.21 -1.76 -8.03  8.58 -10.18 -2.43 -13.57 -4.26 -11.14 -2.91 -0.49  8.65 
 0.00  0.00  0.96 -9.66 -6.62  5.35 -5.01 -16.86 -11.24 -0.76  2.50 -12.27  8.21 -5.26 -1.10 -2.45 -4.80 -1.69  1.28 -5.56  1.35 -5.87 -12.58  2.75 -9.69  0.48  0.31 -3.49 -3.68 -5.67 
 0.00  0.00  1.73 -9.39 -3.39  6.29 -4.60 -6.01 -5.94 -1.48 -3.95  12.06  10.13  10.45  3.05 -2.94 -9.98  2.41 -3.57 -3.92 -2.53  6.65  8.02 -18.15  0.30  8.26  0.30 -12.96 -2.82 -6.71 
 0.00  0.00  6.23 -12.82  0.54  2.47  2.36 -5.18 -4.37 -14.11  8.12  8.92 -3.79  1.95 -3.49  3.80 -4.89  5.26 -2.05 -6.37  4.65 -12.81  3.68 -6.14  4.09  2.70 -6.37 -10.94 -3.00 -14.69 
 0.00  0.00 -0.26 -14.65 -0.37 -0.24  1.84 -11.29 -17.52 -10.49  3.30 -2.13 -5.28 -14.16  2.48  6.82  2.41  3.98  2.75  4.14  8.46  1.73 -5.39  5.30  6.06  7.26 -1.98 -10.54 -6.70 -3.29 
 0.00  0.00 -5.31 -8.51  4.51  5.54 -2.23  8.74 -2.09 -16.62 -6.59  7.61 -2.07  4.77 -8.80 -6.90  4.30  2.88  9.14 -19.24  10.38 -5.99 -19.04 -19.40  1.06  0.87 -15.22  1.48  4.35  4.63 
 0.00  0.00 -1.01 -7.75  5.20  6.82  6.08 -8.08 -7.94  7.14 -10.04 -15.98  3.78 -11.88  8.73 -2.74 -1.50 -4.33  13.04 -16.59  1.28 -1.28 -9.61 -2.37 -2.20 -6.01  1.32 -9.90 -20.50 -14.07 
 0.00  0.00 -1.69 -0.84  4.67  11.71  6.93  3.57 -2.92 -16.98 -9.73  7.29 -0.48 -6.25 -12.03  0.16 -8.02  6.64  1.08  2.30 -15.54 -3.98  6.58  5.45 -4.16 -5.43 -12.28 -4.89  6.83  6.44 
 0.00  0.00  5.50  10.72  10.39 -8.81  3.50  2.69 -2.52 -7.60 -8.63 -14.63 -6.50 -13.62  5.06  3.15 -3.97  4.97 -17.75 -7.34  1.00 -5.81  10.99  9.10 -11.74 -10.07 -9.36 -14.62  1.85 -5.19 
 0.00  0.00 -12.62 -12.56  4.98 -4.73  4.53  4.13  5.05  12.96 -14.31  0.73 -9.53  9.45  0.34 -13.01  9.24  5.35 -1.74 -2.13 -6.70 -3.13 -10.17 -11.13 -1.33 -15.28 -1.72 -6.44 -1.75 -15.69 
 0.00  0.00  0.00 -11.39  6.45 -5.91  5.62 -5.92 -15.84 -2.10 -5.27  0.38 -5.62 -5.16 -12.13 -7.17 -23.12  6.96 -11.08 -18.93 -1.34 -2.66 -6.80  5.71  1.90 -16.66 -7.78 -14.30  1.99 -6.37 
 0.00  0.00 -4.61  4.84  4.50 -7.12  6.61 -7.45 -4.29  7.57 -2.60 -14.98  2.21  3.49  5.85  5.60 -12.13  0.50 -1.55  8.04 -7.53  9.24 -0.77 -12.64 -14.27 -5.14 -11.17  4.10 -8.26 -10.13 
 0.00  0.00 -14.14 -2.52  7.20 -17.48  3.27  5.72 -7.51  11.75  2.68 -10.11 -7.96 -5.59 -0.67 -8.48 -7.67  5.15 -13.76  3.81 -9.71  8.18  7.56 -8.18  9.68  2.56  6.04 -3.41 -7.62 -6.64 
 0.00  0.00 -2.69  4.01 -4.74  0.00 -2.34  1.86 -11.25  3.83  4.68  5.63 -16.26 -11.09  6.97 -13.17 -3.77 -1.64 -2.04 -5.29 -7.60  3.30 -9.32  5.62 -7.93 -7.50 -1.70  3.15  2.07  2.05 
 0.00  0.00  4.80  3.74  2.91  9.51  0.56 -14.81 -14.08 -6.11  3.80  0.77  11.67  6.23 -3.59 -4.09 -10.48  10.53 -7.98 -0.27 -1.82 -13.23  8.45  2.92 -4.28 -1.52 -10.20  7.36 -6.31 -3.45 
 0.00  0.00  6.17  2.14 -9.13  1.72 -2.87 -1.86 -7.99 -0.53  5.60  7.11 -11.23 -9.47 -10.50 -0.92  6.60  8.23 -4.15  3.93 -18.66 -17.72 -11.57 -3.07  2.95 -10.11  2.82 -11.48 -9.29 -4.90 
 0.00  0.00  6.94  1.58 -17.75 -7.39 -8.40 -9.45 -7.82  3.35  1.55 -11.97 -5.84 -2.96  5.05 -11.30 -0.64  8.65 -12.38 -8.10 -4.53 -12.63  0.38 -13.69 -5.30 -13.31  5.04 -10.40  0.86  6.52 
 0.00  0.00 -2.27 -5.30 -12.11  1.97 -3.71 -3.38 -10.76 -12.41 -10.97 -16.15  7.64  7.93  8.34  1.41 -2.87 -8.78  2.42 -11.15 -5.93 -3.90  4.42 -13.04  4.84 -8.27 -8.84  2.43 -11.47  6.52 
 0.00  0.00 -13.35 -13.53 -1.32 -7.87 -9.48  6.49 -2.24 -17.02 -1.39 -13.25  4.96  7.35 -21.69 -5.35 -2.01 -4.29 -10.72 -10.22 -7.18 -11.64 -13.89  1.90 -0.56  1.78 -21.81 -4.86 -2.78 -1.54 
 0.00  0.00 -1.66  5.20  7.09  8.44  1.96 -8.70  5.31 -7.02  7.82 -17.84 -2.08 -9.35 -2.09  9.87  0.82 -3.05 -2.27 -17.95  3.10 -2.63 -6.19 -4.35  3.69 -14.81  2.74 -8.37 -9.50 -0.78 
 0.00  0.00 -1.59  1.15  1.25  7.24 -1.09  6.05 -5.26 -3.44 -11.47  4.46  4.08  1.98 -1.69 -2.19  1.23 -4.07 -8.46 -1.28 -19.92 -1.72  2.42  3.56 -0.87 -6.94 -1.71 -15.01 -13.48 -10.54 
 0.00  0.00 -6.22 -11.23 -12.37 -8.37 -10.78  7.98 -1.63  0.92 -11.18 -1.57  2.24  0.89 -5.49  8.33  10.53  4.54 -10.76 -9.48  2.83 -4.10 -6.51 -0.55  1.02  -1.07  0.76 -5.19 -7.25 -8.88 
 0.00  0.00  3.91  2.07  5.09  3.44  3.80 -1.85  4.87 -2.43  2.38 -9.77 -21.50 -19.14 -6.10 -10.64 -11.35  0.35  4.88  3.09 -12.52  8.73  8.00  1.90 -3.53  1.42 -7.24 -11.07 -22.52 -19.36 
 0.00  0.00 -1.29 -10.55 -7.33 -12.21  6.19 -6.96  0.33 -1.17  6.67  0.80 -2.58  4.08 -1.32  6.38  4.46 -10.31 -19.41 -0.66 -9.71  8.38 -17.97 -11.88 -1.86  4.12  11.00 -9.01 -13.63 -6.85 
 0.00  0.00 -12.08  7.79  1.86  9.51  12.86 -1.51  12.61 -2.10  7.24  1.20  6.03  6.89  4.52  1.34 -6.15 -1.81 -0.25 -3.24  6.24  8.02  7.79 -4.62  10.40  1.63  3.21 -1.29 -14.82 -9.34 
 0.00  0.00 -10.63  5.04 -3.03 -10.42  4.05 -2.17 -11.42 -11.78  6.25 -0.41  7.73 -4.55  4.93  7.22 -8.11  3.03 -5.49 -4.50  0.39 -7.73  1.48  1.99  8.76  6.11  7.23  1.34 -1.58  7.69 
 0.00  0.00  0.00  5.45  1.75  7.43 -3.61 -5.91 -8.47 -5.94 -6.93  4.57  4.61 -5.23 -6.26  0.86  10.29  1.84 -4.88  4.92  2.40 -10.75 -10.07  12.54 -10.44  1.77  7.22  3.18 -10.74 -8.87 
 0.00  0.00 -9.38 -0.15 -21.46  9.46 -17.38 -12.88  1.20  1.00 -9.86 -10.81  4.78  0.76 -8.50 -0.98  11.04 -3.29 -5.92 -6.33  6.53 -9.80  5.35  2.72 -3.09 -6.24 -18.51 -8.46 -6.88 -7.08 
 0.00  0.00 -8.09 -4.90 -12.94  4.04 -9.02  0.64 -5.04  6.95  2.94 -3.45  6.31  8.98  7.30  10.34 -10.58 -4.10 -1.68 -5.50  8.98 -2.87 -9.93 -5.47  6.11 -5.27  7.67 -12.36 -16.37  7.69 
 0.00  0.00 -4.83  2.24 -2.42 -2.93  6.18 -14.23  3.43  1.92 -13.72  5.97  0.00 -3.48 -0.90  6.28  2.24 -8.78 -6.29  8.33  1.21  7.87 -0.66 -12.00  5.33  0.81 -4.00 -2.57 -1.07  4.07 
 0.00  0.00  7.24  7.29 -10.64  6.76 -16.89 -0.88 -1.56  3.00 -8.51  6.20  9.90 -11.40 -8.92 -9.12 -8.64 -7.97  5.59 -3.14 -9.50 -12.71 -15.28  4.50 -9.75 -8.30 -12.00 -8.11 -5.95 -0.71 
 0.00  0.00  0.00  2.11 -8.85  1.36  1.39 -1.64  9.39  2.59 -7.20  8.40 -4.01 -7.93  9.22 -6.71  5.23  7.67 -2.61  4.92  1.44 -3.21  5.58  7.62  0.52  3.38 -2.05  4.16 -1.45  4.76 
 0.00  0.00 -3.05 -6.13 -8.54 -11.31  7.27  6.25  1.15  4.54  1.18 -5.99 -2.26 -13.16 -15.45  5.26 -1.74  5.68  0.93  4.19 -8.31  0.13 -11.93  1.96  8.87  1.89  4.85 -3.87 -10.30 -2.94 
 0.00  0.00  8.69  4.19  0.30 -6.01 -9.55  4.81  3.27 -9.20 -6.60 -12.33 -5.55 -6.93 -13.05  5.93  0.62 -0.56  2.58  0.26  0.63  6.34 -10.90 -5.26  0.56  3.39 -4.64 -9.84 -6.93  5.54 
 0.00  0.00  0.00 -5.21 -9.80 -12.67 -0.54 -2.45 -7.79 -6.95 -2.05 -15.31 -9.08  1.46 -14.81 -1.94 -9.15 -12.41 -3.53 -17.71 -7.18 -5.05  2.62  6.32 -5.79 -1.92 -1.61 -7.15  5.38  6.09 

2249 - 2284
 0.00  0.00 -3.92 -2.95  6.89 -9.25 -13.36  2.13  2.52  6.38  8.02  3.12  4.08  0.85 -15.40  9.07 -14.28 -3.58 -11.56  5.71 -5.98  6.12 -1.92  8.35 -2.23  30.21 -12.40 -13.51 -5.71 -11.64 
 0.00  0.00  0.00  1.10  4.03 -9.78 -13.45  3.47  2.93 -13.23 -7.11 -0.31 -6.84 -6.40 -6.96 -11.80 -6.24 -4.22  1.26 -1.70 -7.98  8.66 -10.15 -2.38 -13.49 -4.22 -11.09 -2.84 -0.44  8.69 
 0.00  0.00  0.00 -9.76 -6.52  5.41 -4.95 -16.77 -11.17 -0.68  2.57 -12.19  8.25 -5.17 -1.04 -2.39 -4.75 -1.64  1.35 -5.50  1.42 -5.80 -12.52  2.80 -9.65  0.59  0.42 -3.43 -3.63 -5.60 
 0.00  0.00  1.69 -9.43 -3.34  6.36 -4.52 -5.91 -5.86 -1.42 -3.87  12.13  10.19  10.51  3.11 -2.90 -9.91  2.47 -3.50 -3.85 -2.48  6.73  8.06 -18.12  0.35  8.28  0.35 -12.90 -2.78 -6.65 
 0.00  0.00  6.31 -12.79  0.58  2.55  2.45 -5.08 -4.30 -14.04  8.20  8.99 -3.74  2.02 -3.42  3.87 -4.83  5.30 -1.99 -6.29  4.70 -12.75  3.72 -6.09  4.15  2.75 -6.33 -10.90 -2.93 -14.62 
 0.00  0.00 -0.22 -14.74 -0.25 -0.10  1.90 -11.19 -17.44 -10.41  3.38 -2.06 -5.21 -14.09  2.55  6.89  2.48  4.04  2.81  4.19  8.52  1.79 -5.33  5.35  6.12  7.57 -1.94 -10.47 -6.65 -3.23 
 0.00  0.00 -5.13 -8.39  4.59  5.59 -2.16  8.80 -2.01 -16.53 -6.51  7.69 -1.99  4.84 -8.74 -6.83  4.36  2.93  9.18 -19.19  10.44 -5.93 -18.98 -19.38  1.11  0.95 -15.16  1.54  4.40  4.69 
 0.00  0.00 -0.90 -7.60  5.26  6.90  6.15 -7.99 -7.89  7.22 -9.99 -16.16  3.85 -11.78  8.79 -2.69 -1.47 -4.27  13.09 -16.53  1.33 -1.23 -9.56 -2.30 -2.15 -5.95  1.36 -9.86 -20.45 -14.02 
 0.00  0.00  0.00 -0.89  4.70  11.77  6.97  3.63 -2.78 -16.90 -9.66  7.37 -0.43 -6.20 -11.95  0.23 -7.97  6.72  1.11  2.35 -15.48 -3.94  6.58  5.51 -4.10 -5.38 -12.25 -4.86  6.89  6.50 
 0.00  0.00  35.02  10.58  10.54 -8.72  3.59  2.75 -2.44 -7.55 -8.58 -14.56 -6.44 -13.55  5.11  3.20 -3.90  5.01 -17.69 -7.30  1.04 -5.76  11.05  9.14 -11.69 -10.03 -9.31 -14.57  1.88 -5.14 
 0.00  0.00 -34.50 -12.67  5.03 -4.58  4.61  4.19  5.14  13.07 -14.25  0.80 -9.46  9.50  0.37 -12.97  9.31  5.38 -1.68 -2.07 -6.66 -3.08 -10.13 -11.05 -1.26 -15.24 -1.66 -6.39 -1.73 -15.64 
 0.00  0.00 -4.97 -11.39  6.49 -5.81  5.71 -5.83 -15.77 -2.04 -5.22  0.45 -5.54 -5.08 -12.09 -7.12 -23.04  7.02 -11.03 -18.88 -1.29 -2.61 -6.76  5.75  1.92 -16.61 -7.74 -14.27  2.03 -6.31 
 0.00  0.00 -6.42  4.94  4.56 -7.05  6.70 -7.36 -4.20  7.67 -2.54 -14.92  2.30  3.56  5.91  5.64 -12.07  0.54 -1.50  8.08 -7.49  9.31 -0.70 -12.59 -14.21 -5.09 -11.13  4.17 -8.22 -9.99 
 0.00  0.00  0.00 -2.40  7.41 -17.40  3.32  5.79 -7.42  11.83  2.73 -10.03 -7.90 -5.52 -0.61 -8.43 -7.61  5.20 -13.66  3.86 -9.64  8.23  7.62 -8.10  9.74  2.61  6.08 -3.35 -7.57 -6.59 
 0.00  0.00  0.00  4.16 -4.71  0.00 -2.25  1.96 -11.16  3.90  4.71  5.68 -16.19 -11.03  7.03 -13.12 -3.73 -1.58 -1.99 -5.24 -7.56  3.36 -9.25  5.69 -7.89 -7.45 -1.64  3.23  2.11  2.11 
 0.00  0.00  0.00  3.81  3.01  9.62  0.63 -14.72 -13.97 -6.06  3.88  0.86  11.73  6.29 -3.54 -4.04 -10.40  10.59 -7.93 -0.20 -1.78 -13.17  8.49  2.96 -4.22 -1.45 -10.15  7.42 -6.24 -3.38 
 0.00  0.00  0.00  2.21 -9.00  1.81 -2.79 -1.77 -7.91 -0.42  5.66  7.20 -11.18 -9.41 -10.45 -0.87  6.65  8.29 -4.10  3.99 -18.61 -17.63 -11.49 -3.01  3.02 -10.04  2.88 -11.40 -9.23 -4.85 
 0.00  0.00  6.96  1.64 -17.66 -7.33 -8.33 -9.35 -7.71  3.44  1.63 -11.87 -5.77 -2.90  5.10 -11.23 -0.58  8.72 -12.32 -8.02 -4.47 -12.58  0.43 -13.65 -5.27 -13.25  5.09 -10.33  0.90  6.56 
 0.00  0.00  0.00 -5.21 -11.99  2.02 -3.63 -3.28 -10.68 -12.33 -10.89 -16.09  7.69  8.04  8.41  1.47 -2.85 -8.58  2.48 -11.11 -5.87 -3.85  4.47 -12.99  4.87 -8.23 -8.77  2.44 -11.45  6.59 
 0.00  0.00  0.00 -13.41 -1.20 -7.78 -9.39  6.57 -2.17 -16.97 -1.32 -13.19  5.02  7.39 -21.65 -5.32 -1.95 -4.19 -10.65 -10.18 -7.13 -11.56 -13.84  1.95 -0.52  1.84 -21.77 -4.83 -2.75 -1.47 
 0.00  0.00 -2.01  5.27  7.18  8.51  2.04 -8.62  5.39 -6.97  7.87 -17.75 -2.02 -9.28 -2.05  9.92  0.88 -2.98 -2.17 -17.92  3.15 -2.58 -6.15 -4.29  3.73 -14.77  2.79 -8.31 -9.43 -0.72 
 0.00  0.00  0.00  1.42  1.36  7.35 -0.99  6.13 -5.18 -3.35 -11.39  4.53  4.13  2.06 -1.63 -2.13  1.30 -4.00 -8.38 -1.22 -19.84 -1.67  2.48  3.60 -0.83 -6.91 -1.66 -14.96 -13.41 -10.50 
 0.00  0.00 -6.13 -11.02 -12.34 -8.27 -10.71  8.06 -1.56  1.02 -11.09 -1.48  2.32  0.96 -5.41  8.42  10.65  4.62 -10.70 -9.44  2.90 -4.04 -6.45 -0.51  1.08  0.47  0.78 -5.17 -7.20 -8.83 
 0.00  0.00  0.00  2.19  5.19  3.63  3.90 -1.78  4.94 -2.33  2.48 -9.71 -21.44 -19.02 -6.02 -10.55 -11.28  0.44  4.94  3.14 -12.48  8.80  8.06  1.96 -3.44  1.66 -7.16 -11.01 -22.45 -19.30 
 0.00  0.00  0.00 -10.51 -7.24 -12.10  6.30 -6.87  0.42 -1.07  6.76  0.87 -2.50  4.16 -1.25  6.43  4.52 -10.25 -19.31 -0.60 -9.63  8.44 -17.90 -11.82 -1.81  4.29  11.06 -8.92 -13.58 -6.77 
 0.00  0.00 -12.29  7.90  1.88  9.62  12.95 -1.42  12.72 -2.01  7.29  1.28  6.11  6.96  4.60  1.41 -6.09 -1.74 -0.20 -3.18  6.31  8.10  7.88 -4.53  10.45  1.70  3.28 -1.22 -14.76 -9.30 
 0.00  0.00 -10.45  5.00 -2.91 -10.31  4.13 -2.09 -11.37 -11.75  6.30 -0.33  7.80 -4.47  5.02  7.29 -8.05  3.11 -5.42 -4.41  0.47 -7.67  1.55  2.08  8.83  6.18  7.33  1.40 -1.51  7.77 
 0.00  0.00  6.32  5.38  1.83  7.52 -3.52 -5.84 -8.40 -5.84 -6.86  4.62  4.67 -5.16 -6.16  0.95  10.36  1.91 -4.79  4.96  2.49 -10.67 -10.01  12.61 -10.38  1.84  7.27  3.22 -10.67 -8.80 
 0.00  0.00 -8.85  0.02 -21.37  9.59 -17.29 -12.79  1.29  1.07 -9.79 -10.73  4.86  0.83 -8.44 -0.92  11.08 -3.23 -5.84 -6.28  6.60 -9.74  5.42  2.78 -3.01 -6.18 -18.41 -8.40 -6.79 -7.04 
 0.00  0.00  0.00 -4.88 -12.91  4.14 -8.94  0.73 -4.98  7.05  3.03 -3.37  6.43  9.05  7.41  10.42 -10.51 -4.02 -1.62 -5.43  9.04 -2.78 -9.86 -5.43  6.15 -5.22  7.72 -12.30 -16.29  7.76 
 0.00  0.00 -4.63  2.30 -2.34 -2.84  6.24 -14.13  3.52  2.00 -13.64  6.07  0.07 -3.41 -0.79  6.38  2.35 -8.74 -6.20  8.38  1.30  7.94 -0.60 -11.96  5.41  0.90 -3.94 -2.51 -1.01  4.12 
 0.00  0.00  7.14  7.37 -10.50  6.83 -16.82 -0.79 -1.48  3.08 -8.43  6.26  9.97 -11.34 -8.85 -9.07 -8.53 -7.89  5.66 -3.09 -9.44 -12.65 -15.23  4.56 -9.61 -8.19 -11.89 -8.02 -5.89 -0.67 
 0.00  0.00 -3.52  2.23 -8.78  1.45  1.45 -1.57  9.48  2.67 -7.13  8.48 -3.95 -7.87  9.28 -6.63  5.29  7.74 -2.56  4.98  1.50 -3.15  5.66  7.68  0.56  3.44 -1.99  4.22 -1.38  4.83 
 0.00  0.00 -3.11 -6.14 -8.43 -11.24  7.34  6.34  1.21  4.61  1.28 -5.91 -2.19 -13.07 -15.40  5.35 -1.66  5.74  0.99  4.25 -8.26  0.20 -11.85  2.02  8.93  1.99  4.88 -3.82 -10.23 -2.89 
 0.00  0.00  8.70  4.15  0.39 -5.95 -9.47  4.89  3.34 -9.13 -6.55 -12.27 -5.50 -6.87 -13.00  5.98  0.67 -0.52  2.63  0.30  0.66  6.40 -10.85 -5.24  0.60  3.43 -4.59 -9.80 -6.87  5.57 
 0.00  0.00  0.00 -5.08 -9.76 -12.59 -0.44 -2.37 -7.75 -6.89 -1.95 -15.25 -9.04  1.52 -14.77 -1.91 -9.11 -12.37 -3.51 -17.69 -7.16 -5.01  2.67  6.36 -5.76 -1.85 -1.61 -7.12  5.44  6.13 
 
2289 - 2324
 0.00  0.00  0.00 -3.02  6.97 -9.21 -13.35  2.14  2.57  6.42  8.08  3.14  4.10  0.89 -15.36  9.09 -14.23 -3.56 -11.53  5.75 -5.95  6.12 -1.87  8.41 -2.23 -14.65 -12.42 -13.48 -5.69 -11.63 
 0.00  0.00  3.95  1.01  4.08 -9.76 -13.45  3.48  2.95 -13.21 -7.09 -0.30 -6.82 -6.39 -6.94 -11.77 -6.23 -4.20  1.28 -1.68 -7.94  8.67 -10.14 -2.38 -13.50 -4.19 -11.05 -2.83 -0.40  8.72 
 0.00  0.00  1.14 -9.71 -6.50  5.43 -4.95 -16.76 -11.18 -0.68  2.58 -12.18  8.27 -5.15 -1.03 -2.39 -4.75 -1.64  1.36 -5.48  1.45 -5.79 -12.51  2.84 -9.63  0.59  0.40 -3.42 -3.61 -5.57 
 0.00  0.00  1.77 -9.41 -3.27  6.37 -4.51 -5.92 -5.87 -1.40 -3.87  12.14  10.20  10.53  3.12 -2.89 -9.89  2.50 -3.47 -3.84 -2.47  6.74  8.08 -18.09  0.42  8.30  0.35 -12.89 -2.77 -6.63 
 0.00  0.00  6.15 -12.72  0.62  2.55  2.46 -5.10 -4.31 -14.03  8.19  9.01 -3.71  2.03 -3.40  3.89 -4.81  5.32 -1.98 -6.28  4.71 -12.74  3.73 -6.07  4.15  2.78 -6.32 -10.89 -2.91 -14.59 
 0.00  0.00 -0.32 -14.70 -0.22 -0.08  1.89 -11.20 -17.41 -10.41  3.39 -2.04 -5.19 -14.07  2.57  6.90  2.50  4.06  2.83  4.19  8.54  1.81 -5.31  5.37  6.14  7.61 -1.90 -10.45 -6.64 -3.21 
 0.00  0.00 -5.07 -8.37  4.63  5.63 -2.16  8.80 -2.02 -16.52 -6.51  7.70 -1.98  4.84 -8.73 -6.83  4.37  2.95  9.20 -19.17  10.45 -5.91 -18.96 -19.36  1.13  0.97 -15.14  1.55  4.41  4.71 
 0.00  0.00 -0.79 -7.57  5.29  6.88  6.15 -8.00 -7.88  7.22 -9.98 -15.98  3.86 -11.77  8.80 -2.67 -1.46 -4.26  13.11 -16.51  1.34 -1.20 -9.55 -2.28 -2.13 -5.92  1.39 -9.83 -20.44 -14.00 
 0.00  0.00 -1.67 -0.77  4.78  11.78  6.98  3.62 -2.76 -16.88 -9.64  7.38 -0.42 -6.18 -11.94  0.20 -7.96  6.73  1.13  2.36 -15.47 -3.92  6.51  5.52 -4.07 -5.35 -12.23 -4.83  6.90  6.51 
 0.00  0.00  5.60  10.88  10.53 -8.71  3.57  2.76 -2.45 -7.53 -8.58 -14.55 -6.44 -13.53  5.13  3.20 -3.89  5.02 -17.68 -7.28  1.06 -5.75  11.05  9.15 -11.66 -10.01 -9.29 -14.55  1.90 -5.13 
 0.00  0.00  0.00 -12.40  5.11 -4.63  4.59  4.18  5.13  12.98 -14.24  0.81 -9.45  9.51  0.38 -12.95  9.32  5.39 -1.67 -2.06 -6.65 -3.08 -10.11 -11.07 -1.25 -15.21 -1.64 -6.38 -1.71 -15.63 
 0.00  0.00  0.00 -11.18  6.51 -5.84  5.70 -5.82 -15.78 -2.03 -5.22  0.45 -5.53 -5.08 -12.08 -7.10 -23.02  7.02 -11.02 -18.86 -1.27 -2.59 -6.75  5.76  1.93 -16.61 -7.72 -14.24  2.06 -6.29 
 0.00  0.00 -4.62  5.12  4.63 -7.05  6.68 -7.37 -4.21  7.67 -2.55 -14.93  2.28  3.55  5.93  5.66 -12.05  0.55 -1.49  8.10 -7.47  9.33 -0.69 -12.58 -14.21 -5.07 -11.12  4.20 -8.19 -10.04 
 0.00  0.00  0.00 -2.39  7.37 -17.41  3.34  5.77 -7.41  11.84  2.75 -9.97 -7.89 -5.51 -0.60 -8.43 -7.61  5.22 -13.66  3.87 -9.63  8.24  7.63 -8.08  9.77  2.64  6.10 -3.33 -7.54 -6.56 
 0.00  0.00  0.00  4.10 -4.67  0.00 -2.28  1.94 -11.16  3.91  4.71  5.70 -16.19 -11.03  7.03 -13.10 -3.72 -1.57 -1.97 -5.22 -7.55  3.36 -9.24  5.70 -7.87 -7.41 -1.61  3.25  2.13  2.13 
 0.00  0.00  0.00  3.81  3.03  9.59  0.61 -14.73 -13.99 -6.05  3.87  0.87  11.73  6.28 -3.52 -4.04 -10.40  10.60 -7.91 -0.19 -1.77 -13.15  8.50  2.97 -4.20 -1.43 -10.13  7.45 -6.20 -3.37 
 0.00  0.00  0.00  2.30 -8.94  1.81 -2.80 -1.77 -7.92 -0.41  5.65  7.19 -11.18 -9.41 -10.44 -0.85  6.66  8.31 -4.08  3.99 -18.60 -17.64 -11.48 -2.99  3.04 -10.02  2.90 -11.35 -9.20 -4.82 
 0.00  0.00  7.04  1.66 -17.64 -7.33 -8.33 -9.36 -7.72  3.45  1.63 -11.86 -5.77 -2.89  5.11 -11.23 -0.57  8.72 -12.31 -7.99 -4.45 -12.57  0.45 -13.61 -5.25 -13.23  5.12 -10.31  0.93  6.59 
 0.00  0.00  0.00 -5.23 -11.99  2.02 -3.63 -3.31 -10.69 -12.33 -10.90 -16.08  7.69  8.04  8.41  1.48 -2.83 -8.58  2.47 -11.11 -5.86 -3.84  4.49 -12.98  4.89 -8.20 -8.75  2.47 -11.43  6.62 
 0.00  0.00  0.00 -13.45 -1.17 -7.79 -9.40  6.55 -2.17 -16.97 -1.34 -13.18  5.02  7.40 -21.65 -5.31 -1.94 -4.19 -10.64 -10.17 -7.12 -11.55 -13.83  1.96 -0.51  1.83 -21.75 -4.81 -2.73 -1.45 
 0.00  0.00  0.00  5.33  7.21  8.51  2.02 -8.62  5.38 -6.97  7.86 -17.76 -2.02 -9.29 -2.04  9.91  0.88 -2.98 -2.18 -17.90  3.17 -2.58 -6.15 -4.28  3.76 -14.77  2.81 -8.27 -9.41 -0.70 
 0.00  0.00  0.00  1.37  1.40  7.33 -1.00  6.11 -5.19 -3.35 -11.40  4.52  4.13  2.07 -1.64 -2.13  1.31 -4.00 -8.38 -1.21 -19.81 -1.65  2.49  3.61 -0.81 -6.89 -1.65 -14.94 -13.39 -10.48 
 0.00  0.00  0.00 -11.03 -12.31 -8.27 -10.73  8.05 -1.57  1.02 -11.09 -1.47  2.32  0.96 -5.41  8.41  10.65  4.61 -10.70 -9.44  2.91 -4.05 -6.43 -0.49  1.10  -1.32  0.81 -5.13 -7.18 -8.82 
 0.00  0.00  3.68  2.42  5.20  3.56  3.89 -1.78  4.93 -2.33  2.47 -9.69 -21.44 -19.03 -6.02 -10.55 -11.28  0.43  4.94  3.15 -12.47  8.81  8.08  1.97 -3.43  1.32 -7.14 -11.00 -22.44 -19.28 
 0.00  0.00 -0.89 -10.47 -7.22 -12.13  6.28 -6.90  0.42 -1.08  6.76  0.86 -2.50  4.16 -1.28  6.43  4.54 -10.24 -19.30 -0.60 -9.62  8.45 -17.88 -11.81 -1.79  4.25  11.06 -8.91 -13.55 -6.75 
 0.00  0.00 -12.20  7.95  1.95  9.62  12.96 -1.43  12.71 -2.01  7.31  1.28  6.11  6.97  4.60  1.41 -6.06 -1.74 -0.20 -3.18  6.31  8.11  7.90 -4.54  10.46  1.72  3.30 -1.20 -14.75 -9.27 
 0.00  0.00 -10.68  5.11 -2.89 -10.33  4.12 -2.13 -11.38 -11.75  6.31 -0.33  7.81 -4.47  5.02  7.29 -8.03  3.12 -5.41 -4.40  0.49 -7.66  1.56  2.10  8.80  6.19  7.34  1.42 -1.49  7.78 
 0.00  0.00  6.52  5.69  1.84  7.54 -3.53 -5.85 -8.40 -5.84 -6.86  4.59  4.67 -5.15 -6.16  0.95  10.36  1.91 -4.79  4.98  2.49 -10.66 -10.00  12.63 -10.37  1.84  7.28  3.23 -10.65 -8.78 
 0.00  0.00 -8.96 -0.12 -21.28  9.60 -17.28 -12.79  1.29  1.08 -9.77 -10.71  4.85  0.83 -8.43 -0.89  11.11 -3.21 -5.84 -6.27  6.61 -9.73  5.43  2.79 -3.02 -6.15 -18.41 -8.40 -6.77 -7.02 
 0.00  0.00 -8.08 -4.88 -12.79  4.13 -8.96  0.73 -4.98  7.04  3.01 -3.37  6.43  9.05  7.41  10.45 -10.50 -4.01 -1.60 -5.43  9.04 -2.78 -9.84 -5.42  6.17 -5.21  7.75 -12.27 -16.27  7.79 
 0.00  0.00 -4.50  2.52 -2.31 -2.83  6.24 -14.13  3.52  1.99 -13.65  6.07  0.08 -3.41 -0.79  6.38  2.36 -8.72 -6.21  8.40  1.31  7.96 -0.60 -11.94  5.43  0.92 -3.93 -2.49 -1.00  4.14 
 0.00  0.00  7.32  7.32 -10.41  6.83 -16.82 -0.79 -1.48  3.07 -8.39  6.28  9.98 -11.34 -8.85 -9.07 -8.53 -7.90  5.67 -3.08 -9.42 -12.64 -15.21  4.58 -9.61 -8.20 -11.88 -8.01 -5.88 -0.65 
 0.00  0.00  0.00  2.20 -8.73  1.45  1.45 -1.58  9.50  2.73 -7.11  8.49 -3.93 -7.86  9.28 -6.64  5.29  7.75 -2.56  5.00  1.51 -3.13  5.68  7.70  0.57  3.45 -1.98  4.25 -1.37  4.83 
 0.00  0.00  0.00 -6.10 -8.37 -11.23  7.33  6.33  1.21  4.60  1.29 -5.91 -2.20 -13.06 -15.40  5.33 -1.65  5.75  0.99  4.24 -8.25  0.20 -11.84  2.03  8.94  1.98  4.92 -3.80 -10.22 -2.86 
 0.00  0.00  0.00  4.26  0.44 -5.92 -9.44  4.91  3.35 -9.12 -6.53 -12.26 -5.48 -6.88 -12.98  5.99  0.67 -0.51  2.65  0.31  0.68  6.40 -10.85 -5.21  0.63  3.44 -4.56 -9.79 -6.85  5.59 
 0.00  0.00  0.00 -5.07 -9.68 -12.53 -0.55 -2.36 -7.75 -6.85 -1.98 -15.24 -9.01  1.52 -14.75 -1.89 -9.10 -12.33 -3.46 -17.66 -7.14 -5.00  2.66  6.37 -5.74 -1.82 -1.58 -7.10  5.46  6.15 

 3728 - 3782
 5.29  1.95  2.29  3.32 -2.29 -1.91 -8.28 -3.68 -7.63 -4.33 -3.68 -0.44 -2.85 -1.91 -3.45 -6.94 -8.13 -2.77 -7.51 -2.27 -5.46 -3.37 -1.60 -0.72 -0.69 -3.40 -0.66 -4.40  0.38 -2.15 
 4.29  1.65  4.43  4.60 -3.79 -3.18 -4.32 -1.32 -1.58 -4.49 -2.22 -5.15 -4.86 -1.41 -2.38 -4.21 -1.72 -1.66 -1.71 -6.14 -2.37  1.23 -0.96 -4.65 -2.93 -4.81 -4.97 -6.23 -4.72 -3.10 
 4.63  0.53  2.42  1.46 -2.42  0.22 -7.93 -6.61 -7.90 -3.53 -0.87 -5.08 -3.31 -1.55 -2.22 -3.14 -4.65 -4.17 -0.23 -4.96 -1.37 -5.64 -1.16 -4.07 -1.56 -3.81 -2.15 -4.23 -4.42 -2.10 
 3.16  3.12  3.33  1.26  0.15 -3.20 -1.91 -4.04 -3.84 -2.80  1.65 -2.52 -0.82 -1.06 -0.94 -0.86 -1.67 -5.17 -6.19 -4.77 -2.03 -4.54 -1.71 -4.33 -0.91 -2.01 -1.11 -5.28  1.43 -5.64 
 6.38  4.19  0.64  2.62 -1.44 -1.59 -3.70 -5.21 -3.23 -0.77 -3.57  0.12 -3.43 -0.93 -2.51 -2.66 -2.41 -2.29 -2.01 -4.43 -1.96 -0.41 -1.67 -1.86 -4.60 -1.43 -1.99 -5.59 -5.31 -4.91 
 5.00  2.53  6.05  3.53 -2.88 -1.72 -2.66 -1.22 -9.04 -5.83 -4.76  0.89  0.78 -1.42  0.69 -5.17 -1.20 -7.35 -2.37 -0.26 -4.98 -3.87 -1.91 -4.56 -3.12 -4.68 -2.55 -5.77 -2.20 -4.62 
 7.86 -2.39  2.84  1.36 -1.78 -5.71 -3.38 -2.04  1.20 -3.43 -3.81 -1.96 -3.06 -3.11 -3.91 -1.27 -4.35 -2.50 -2.09 -0.40 -3.97 -3.09 -2.92 -3.60 -2.13 -1.73 -4.77 -4.03 -3.55 -1.33 
 5.78 -2.30  3.47  6.44 -3.09 -2.27 -0.09  2.13 -6.40 -2.61 -2.40 -3.70 -4.72  0.80  0.65 -4.59 -3.37 -2.85  1.73  0.41 -3.27 -2.12 -1.18 -1.70 -0.85 -4.22 -5.59 -1.56 -2.69 -3.04 
 6.45  3.93  3.26  2.82  2.36 -4.03 -3.82 -5.87 -0.63  1.07 -1.96  1.50 -1.89 -0.51 -1.33 -0.54 -6.82 -0.07 -2.89  1.11 -3.01 -4.43 -2.91 -1.12 -3.53 -2.40 -2.25 -3.77 -4.99 -2.78 
 -1.36 -0.91  2.77  1.71 -0.09 -5.96 -4.34 -2.34 -1.06 -3.30 -4.61 -7.27 -3.14 -5.09 -1.00 -3.02 -4.39 -1.11 -4.40  0.11 -1.38 -1.45 -2.93 -3.36 -2.59 -0.82 -5.81 -0.58 -0.29 -2.76 
 1.36  5.43  3.63  2.54 -1.32 -0.98 -3.11 -4.73  2.86  2.19 -3.25 -2.60 -2.75 -4.05 -2.14 -2.72 -4.74 -5.29 -5.91 -4.60 -0.97 -4.36 -2.19 -3.42 -1.95 -4.15 -4.12 -2.72 -3.12 -3.61 
 3.28  0.17  2.63  0.52  3.42 -4.09 -2.74 -1.70 -3.01 -2.52 -5.76 -2.38 -2.21  2.78 -0.25 -0.86 -4.83 -1.38 -0.91 -6.04 -0.05 -1.01 -4.81 -2.62 -2.04 -1.14 -1.51 -5.33 -4.34 -3.69 
 4.29  2.86  1.83  3.50  2.54 -5.29 -2.13 -3.32 -2.82 -1.52 -2.06 -0.15 -2.60 -1.56 -0.68 -4.54 -2.80 -4.36 -2.21 -5.07 -2.15 -1.58 -2.53 -1.24 -0.08 -2.20 -4.86  0.08 -2.29 -2.69 
 4.54  2.86 -2.34  0.03 -2.86 -4.80 -5.77 -2.04 -4.44  0.11 -4.46  2.22 -1.27 -1.54  3.67  1.22 -5.77 -2.91 -6.77 -2.63 -5.90 -3.51 -1.00 -1.75 -2.66 -0.74 -1.07 -3.73 -1.98 -1.76 
 5.91  4.34 -0.79  3.38 -3.51  0.11 -2.93 -6.14 -4.54 -1.23 -2.54 -0.59  0.08 -5.96 -5.34 -5.20  0.49 -5.04 -3.19 -2.78 -5.23 -4.52 -4.15 -2.70 -2.74 -5.20 -0.58 -1.74 -5.96 -0.31 
 6.54  2.94  2.03  2.81  2.41 -6.34 -3.01 -2.28 -5.50 -3.10 -1.81 -3.11 -2.47 -0.92  0.65 -3.57 -2.66 -0.90 -5.54 -3.42  1.04 -6.18 -2.44 -3.45 -4.95 -1.91 -4.39  0.71 -2.01 -1.41 
 6.63  5.51 -0.43  1.09  3.12 -1.67 -3.37 -5.99 -0.00  2.37 -0.27 -1.62 -8.00 -1.20 -0.41 -2.96  1.87 -3.82 -2.86 -3.12 -4.71 -2.47 -0.04 -2.04 -0.55 -2.51 -4.63 -2.82 -1.41 -5.84 
 5.29  6.29  2.58  0.39  0.72  0.38 -5.35 -1.66 -4.63 -0.34 -2.17 -1.58 -0.91 -2.85 -2.59 -3.31 -5.48 -2.01 -0.41 -0.23 -3.41 -2.98  0.32 -2.77 -2.58 -4.62 -2.51 -4.39 -3.62  0.71 
 4.69  3.49  2.71  2.99  1.92 -0.24 -1.09 -6.03 -6.06 -3.44  0.89  2.19 -4.97 -1.99 -0.89 -1.99 -7.23 -4.58 -7.80 -1.95 -1.07 -1.93 -1.26 -6.40 -2.58 -2.10 -4.18 -5.14 -5.20 -1.45 
 5.63  3.14  1.77  3.01  3.38 -0.42 -2.31  0.76 -3.19 -6.06 -2.52  0.20 -5.44 -0.46 -3.15 -0.40 -3.86 -3.21  0.10 -4.79 -4.09 -1.39 -2.95 -0.94 -3.05 -4.49 -1.95 -1.02 -1.20 -2.88 
 7.93  2.35  1.10  2.21 -0.62 -0.58 -1.49 -5.97  0.76 -2.57 -2.22 -0.84 -5.57 -2.97  1.40 -1.54 -3.75 -5.61  1.43 -0.75 -0.88 -1.81 -2.09 -5.88 -5.62  7.00 -3.83 -2.76 -2.13 -0.89 
 4.47  6.59  2.03 -1.42  4.12 -3.90 -1.15  0.07 -3.88 -1.34 -6.90  2.70 -2.12 -2.90 -4.24 -2.28 -4.52 -2.10 -9.71 -2.40 -4.59 -2.53 -2.73 -1.23 -2.91 -2.08 -3.67 -6.23 -1.15 -0.77 
 7.15  1.17  2.76  0.66  5.61 -2.28 -5.26 -3.76  0.61 -3.04 -4.26 -1.44 -4.69 -1.90 -1.28 -1.81 -2.48 -1.24 -2.45 -1.16 -3.16 -3.27  2.24 -1.13 -0.18  2.25 -3.78 -1.94 -7.09 -6.97 
 6.19  4.47  4.60  2.84  1.48 -4.85  0.99 -1.34 -2.77 -0.39 -1.70 -1.02 -2.63 -0.90 -3.40 -1.48 -1.96 -2.67 -4.22 -6.23 -6.76 -5.42 -3.04 -1.54  0.58 -2.05 -1.23 -7.03 -2.38 -2.00 
 7.39  2.59  2.34  1.26  2.72 -5.40 -3.45 -0.20 -5.07 -1.26 -0.96 -1.48 -2.74 -5.63 -4.94 -0.28 -7.10 -7.13 -3.25 -1.65 -1.24 -1.85  0.14 -6.07 -0.64 -4.22 -4.21  1.37 -3.79 -2.71 
 -6.97  6.48  5.34  2.34  2.90 -2.38 -2.23 -5.24 -0.50 -2.03 -3.77 -4.22 -3.37 -0.61 -0.23  0.53 -3.62 -5.39 -3.70 -5.86 -1.46 -5.53 -3.81 -4.43 -4.93 -5.13 -0.92 -1.93 -3.16 -0.09 
 6.97  3.23  0.70  0.99  0.13 -4.98 -1.74 -6.75 -1.45 -6.21 -4.05 -2.12  1.12 -2.11 -6.07  4.28 -4.43 -3.77 -2.43 -2.68 -6.98 -1.95 -6.09 -1.51 -0.98 -2.52 -0.95 -3.31 -5.73 -3.15 
 6.14  2.48  1.70  1.54  3.56 -1.47 -2.20  1.27 -1.39 -2.15 -1.38 -0.22 -4.95 -4.12 -4.16 -0.78 -0.64 -2.28 -2.58 -4.46 -7.86 -5.83 -6.42  0.10  1.06 -2.04  1.51 -1.66 -5.88 -3.08 
 8.49  3.43  2.72  2.83 -1.59 -3.44 -2.83  0.05 -1.34 -2.07 -2.75 -3.31 -4.24 -1.25 -2.19  1.52 -1.75 -1.97 -1.73 -3.96 -4.50 -1.74 -5.52 -3.45 -0.69 -1.16 -3.60 -4.23 -0.30 -5.28 
 3.18  3.11  2.73 -0.88 -0.46 -0.68 -0.69  0.89 -2.90 -1.60 -2.27 -4.22 -5.51 -3.66 -1.33  3.88 -1.16  1.68 -3.05 -2.02 -0.63 -4.90  1.45 -3.72 -4.14 -1.39 -2.73 -1.92 -4.05 -2.68 
 4.49 -0.65  2.69  0.55  0.64 -1.72 -4.15 -3.94  2.82 -6.11 -4.38 -1.20 -2.71  0.04 -2.94  0.88 -5.10 -3.46 -5.54 -4.37 -1.22 -0.99 -3.71 -2.30 -5.69 -7.97 -3.39 -2.37 -2.89 -2.08 
 9.61  2.86  2.77  2.77 -0.83 -4.72 -6.40 -1.86 -1.20 -2.99 -0.99 -2.38 -2.58 -3.57 -2.99  0.27 -4.43 -0.16 -3.37 -3.01 -2.87 -6.62 -3.00 -1.55 -7.17 -2.84 -2.03 -1.08 -3.95 -1.21 
 4.98  3.04  2.19  3.11 -0.18 -0.62  0.75 -6.27 -5.42 -4.53 -1.77 -4.28 -3.57 -1.74 -1.97 -5.99 -2.12 -3.40 -5.37 -4.09 -5.39 -5.77 -2.83 -1.35 -1.01 -2.10 -0.11 -8.56  2.20 -3.02 
 6.54  0.92  3.28  2.04 -0.81 -0.52 -0.11  0.07 -2.79 -3.96 -3.78 -4.71 -4.04 -0.32 -3.86 -0.26 -0.25 -1.47 -2.45  1.24 -5.87 -4.11 -2.47 -5.00 -4.26 -2.35 -1.06 -2.37 -3.22 -2.66 
 5.33  0.47  4.58  2.66 -3.41  2.32 -4.17 -2.75  0.21 -4.76 -2.26 -2.08 -3.63 -2.81 -4.70  1.78 -3.80 -3.26 -1.68 -5.73 -1.47 -5.22 -1.89 -2.41 -5.92 -6.62 -6.62 -2.78 -2.88 -4.99 
 2.17  3.46  1.38  2.79 -0.99 -3.14 -2.26 -3.07 -1.41 -0.42  0.89 -6.31 -3.67 -4.65 -5.15  1.08 -1.91 -5.94 -1.28 -5.41 -1.53 -6.06 -3.35 -5.31 -5.37 -2.57 -4.64 -4.93 -2.20 -2.38 

 3389 - 3467
 0.00  0.00  0.00  0.00  0.00  0.00  0.00  0.00  0.00 -4.88 -4.23 -1.32 -2.26 -2.75 -5.20 -6.38 -9.21 -2.86 -7.93 -1.84 -5.71 -3.66 -1.77 -0.89 -0.80 -3.26 -0.80 -4.18  0.54 -1.66 
 0.00  0.00  0.00  0.00  0.00  0.00  0.00  0.00  0.00 -5.35 -2.06 -5.23 -4.88 -2.60 -3.88 -4.30 -2.39 -1.80 -1.91 -5.96 -2.38  1.19 -1.25 -4.70 -3.06 -4.88 -4.78 -6.17 -4.67 -2.79 
 0.00  0.00  0.00  0.00  0.00  0.00  0.00  0.00  0.00 -5.02 -0.73 -4.42 -3.31 -1.58 -2.78 -2.91 -3.66 -4.46  0.49 -4.78 -1.08 -5.47 -0.98 -3.06 -1.53 -3.72 -2.06 -4.25 -4.38 -1.59 
 0.00  0.00  0.00  0.00  0.00  0.00  0.00  0.00  0.00 -4.15  1.03 -1.67  0.43 -0.13 -1.82 -2.19 -1.76 -5.56 -5.37 -5.24 -1.84 -4.34 -1.64 -4.18 -0.78 -1.96 -0.85 -4.92  1.57 -5.87 
 0.00  0.00  0.00  0.00  0.00  0.00  0.00  0.00  0.00 -1.94 -3.20  0.15 -3.46 -0.44 -3.41 -2.33 -3.77 -1.99 -1.79 -4.66 -1.88 -0.23 -1.42 -1.70 -4.44 -1.30 -1.70 -5.54 -5.03 -4.50 
 0.00  0.00  0.00  0.00  0.00  0.00  0.00  0.00  0.00 -7.33 -4.26  0.38  1.90 -1.97 -0.75 -4.58 -1.62 -6.78 -1.57 -1.31 -4.82 -3.76 -1.68 -4.56 -2.98 -4.54 -2.32 -5.68 -2.01 -4.58 
 0.00  0.00  0.00  0.00  0.00  0.00  0.00  0.00  0.00 -4.67 -5.08 -1.86 -2.25 -3.68 -4.45 -0.96 -4.86 -2.21 -2.51 -1.31 -3.90 -3.01 -2.67 -3.47 -1.98 -1.66 -4.60 -3.93 -3.67 -1.16 
 0.00  0.00  0.00  0.00  0.00  0.00  0.00  0.00  0.00 -3.61 -2.76 -2.83 -4.49 -0.47  0.91 -5.04 -4.86 -2.50  2.10 -0.18 -3.16 -1.94 -1.07 -1.53 -0.77 -4.16 -5.51 -1.42 -2.62 -2.56 
 0.00  0.00  0.00  0.00  0.00  0.00  0.00  0.00  0.00 -0.16 -2.16  0.69 -1.66 -0.59 -1.87 -1.49 -7.11  0.07 -2.18  0.91 -2.95 -4.29 -2.44 -0.95 -3.42 -2.29 -2.13 -3.72 -5.01 -2.46 
 0.00  0.00  0.00  0.00  0.00  0.00  0.00  0.00  0.00 -4.33 -4.77 -6.71 -2.54 -5.10 -1.06 -2.50 -5.35 -1.21 -4.28 -1.12 -1.29 -1.37 -2.75 -3.33 -2.54 -0.76 -5.67 -0.48 -0.17 -2.47 
 0.00  0.00  0.00  0.00  0.00  0.00  0.00  0.00  0.00  0.72 -3.69 -3.15 -1.97 -3.77 -3.28 -2.57 -4.13 -4.78 -5.06 -6.27 -0.87 -4.26 -1.96 -3.25 -1.77 -4.08 -4.01 -2.59 -3.20 -3.00 
 0.00  0.00  0.00  0.00  0.00  0.00  0.00  0.00  0.00 -4.12 -6.52 -3.18 -2.43  1.75 -0.12 -0.76 -4.79 -1.57 -1.11 -6.52  0.08 -0.90 -4.65 -2.76 -1.99 -1.02 -1.31 -5.22 -4.24 -3.40 
 0.00  0.00  0.00  0.00  0.00  0.00  0.00  0.00  0.00 -2.81 -2.66 -1.54 -2.26 -2.45 -2.02 -4.58 -2.86 -4.79 -2.10 -5.62 -2.01 -1.42 -2.44 -0.94 -0.06 -2.14 -4.64  0.15 -2.09 -2.37 
 0.00  0.00  0.00  0.00  0.00  0.00  0.00  0.00  0.00 -1.20 -4.45  2.09 -1.49 -2.51  2.95  0.94 -5.33 -2.82 -6.85 -2.40 -5.72 -3.56 -0.86 -1.73 -2.59 -0.57 -0.88 -3.68 -2.01 -1.39 
 0.00  0.00  0.00  0.00  0.00  0.00  0.00  0.00  0.00 -3.11 -4.22 -2.67  0.36 -6.09 -6.09 -6.14  1.36 -4.49 -2.71 -4.13 -5.25 -4.50 -4.02 -2.49 -2.55 -3.28 -0.45 -1.62 -5.81  0.09 
 0.00  0.00  0.00  0.00  0.00  0.00  0.00  0.00  0.00 -4.79 -2.18 -5.09 -2.87 -2.01 -0.21 -2.54 -1.45 -1.09 -5.98 -4.29  1.20 -6.24 -2.30 -3.31 -4.80 -1.66 -4.04  0.74 -1.84 -1.09 
 0.00  0.00  0.00  0.00  0.00  0.00  0.00  0.00  0.00  0.73 -1.28 -2.13 -7.10 -2.16 -1.18 -4.21  0.95 -3.15 -2.54 -3.73 -4.66 -2.35  0.11 -1.93 -0.22 -2.51 -4.40 -1.46 -1.34 -5.37 
 0.00  0.00  0.00  0.00  0.00  0.00  0.00  0.00  0.00  0.00 -2.84 -2.10 -1.28 -3.85 -2.35 -3.00 -4.90 -0.67 -0.92 -1.30 -3.27 -2.89  0.42 -2.66 -2.50 -4.54 -2.30 -4.31 -3.57  1.04 
 0.00  0.00  0.00  0.00  0.00  0.00  0.00  0.00  0.00 -5.34  0.00  0.43 -5.42 -3.10 -1.18 -2.08 -7.02 -4.27 -7.03 -1.41 -0.93 -1.84 -1.22 -6.32 -2.39 -1.99 -4.26 -5.04 -5.20 -1.13 
 0.00  0.00  0.00  0.00  0.00  0.00  0.00  0.00  0.00 -7.36 -2.47 -1.15 -4.94 -1.40 -3.61 -1.60 -2.33 -2.01  0.15 -4.78 -3.96 -1.25 -2.81 -0.64 -2.66 -4.32 -1.90 -0.92 -1.06 -2.53 
 0.00  0.00  0.00  0.00  0.00  0.00  0.00  0.00  0.00 -3.80 -2.10 -1.00 -5.22 -4.07 -0.15 -1.07 -3.04 -5.30  1.92 -1.51 -0.78 -1.75 -2.04 -6.00 -5.36  6.67 -3.84 -2.52 -2.04 -1.11 
 0.00  0.00  0.00  0.00  0.00  0.00  0.00  0.00  0.00 -2.13 -7.06  1.88 -2.26 -4.69 -4.87 -2.51 -4.01 -2.17 -8.72 -2.74 -4.31 -2.40 -2.63 -1.18 -2.75 -2.02 -3.41 -6.15 -1.04 -0.53 
 0.00  0.00  0.00  0.00  0.00  0.00  0.00  0.00  0.00  0.00 -3.42 -2.61 -4.02 -2.33 -1.78 -3.14 -2.12 -1.16 -1.53 -1.59 -3.04 -3.20  2.44 -0.95 -0.00  2.41 -3.70 -1.94 -6.95 -6.67 
 0.00  0.00  0.00  0.00  0.00  0.00  0.00  0.00  0.00 -1.00 -3.08 -1.76 -3.26 -1.73 -3.35 -1.77 -2.75 -1.65 -3.86 -6.52 -6.50 -5.36 -2.82 -1.32  0.31 -1.67 -0.97 -6.82 -2.37 -1.40 
 0.00  0.00  0.00  0.00  0.00  0.00  0.00  0.00  0.00 -2.54 -0.46 -2.26 -3.04 -6.34 -4.78 -0.74 -6.47 -7.86 -4.07 -0.41 -1.84 -1.84  0.34 -6.00 -0.40 -3.02 -3.96  1.54 -3.76 -2.47 
 0.00  0.00  0.00  0.00  0.00  0.00  0.00  0.00  0.00  0.00 -4.16 -5.59 -3.50 -1.40 -1.21 -0.22 -3.01 -4.74 -3.30 -5.76 -1.35 -6.09 -4.19 -4.22 -4.82 -4.88 -0.82 -1.89 -3.10  0.16 
 0.00  0.00  0.00  0.00  0.00  0.00  0.00  0.00  0.00 -6.36 -4.28 -2.64  1.66 -3.10 -4.73  2.38 -3.49 -3.54 -1.60 -2.23 -6.84 -1.88 -6.00 -1.46 -0.84 -2.40 -0.71 -3.15 -5.61 -2.93 
 0.00  0.00  0.00  0.00  0.00  0.00  0.00  0.00  0.00 -3.37 -1.35 -1.30 -4.93 -5.75 -4.13 -2.11  0.44 -2.31 -1.20 -3.73 -7.22 -5.64 -6.24  0.43  1.17 -2.04  1.65 -1.59 -5.86 -2.73 
 0.00  0.00  0.00  0.00  0.00  0.00  0.00  0.00  0.00 -2.78 -3.19 -4.36 -4.14 -1.59 -1.74 -0.68 -1.69 -2.43 -1.40 -3.51 -4.59 -2.15 -5.47 -3.21 -1.06 -0.91 -3.29 -4.02 -0.26 -4.89 
 0.00  0.00  0.00  0.00  0.00  0.00  0.00  0.00  0.00 -1.47 -3.01 -4.83 -4.77 -3.15 -1.54  1.11 -2.03  2.17 -3.06 -2.21 -0.50 -5.53  1.55 -3.65 -3.92 -1.30 -2.66 -1.65 -4.21 -2.27 
 0.00  0.00  0.00  0.00  0.00  0.00  0.00  0.00  0.00 -5.98 -4.81 -1.28 -2.20 -0.51 -2.19 -0.95 -4.63 -2.37 -5.29 -3.59 -1.00 -1.13 -4.00 -2.11 -5.57 -6.18 -3.30 -2.16 -2.81 -1.72 
 0.00  0.00  0.00  0.00  0.00  0.00  0.00  0.00  0.00 -3.63 -1.29 -2.38 -3.00 -4.21 -2.16 -1.13 -4.61 -0.13 -3.22 -2.40 -2.64 -6.36 -2.83 -1.46 -6.94 -2.67 -1.91 -1.05 -3.87 -0.77 
 0.00  0.00  0.00  0.00  0.00  0.00  0.00  0.00  0.00 -6.08 -2.40 -3.72 -3.74 -2.39 -1.58 -6.56 -2.18 -3.33 -5.29 -3.73 -5.52 -5.73 -2.65 -1.22 -0.96 -2.32 -0.04 -8.48  2.25 -2.74 
 0.00  0.00  0.00  0.00  0.00  0.00  0.00  0.00  0.00 -4.37 -4.00 -4.32 -4.56 -1.36 -3.56 -1.81 -0.86 -1.61 -1.90  0.03 -5.62 -3.96 -2.93 -4.85 -4.07 -2.22 -1.08 -2.23 -3.16 -2.21 
 0.00  0.00  0.00  0.00  0.00  0.00  0.00  0.00  0.00 -5.36 -2.34 -3.06 -5.26 -3.29 -3.73  0.09 -4.44 -4.30 -0.67 -5.52 -1.35 -5.23 -1.91 -2.50 -5.94 -6.96 -6.60 -2.55 -2.78 -4.27 
 0.00  0.00  0.00  0.00  0.00  0.00  0.00  0.00  0.00 -0.80 -0.30 -5.80 -5.62 -5.73 -5.27 -1.19 -2.30 -6.94 -1.48 -5.91 -1.41 -6.12 -3.55 -5.34 -5.46 -2.51 -4.61 -4.78 -2.01 -2.04 

 3468 - 3520
 0.00  0.00  0.00  0.00  0.00  0.00  0.00  0.00  0.00 -4.74 -4.12 -1.25 -2.23 -2.63 -5.12 -6.37 -9.15 -2.76 -7.89 -1.71 -5.60 -3.60 -1.76 -0.86 -0.67 -3.14 -0.82 -4.05  0.65 -1.59 
 0.00  0.00  0.00  0.00  0.00  0.00  0.00  0.00  0.00 -5.25 -1.94 -5.09 -4.73 -2.49 -3.82 -4.23 -2.32 -1.67 -1.85 -5.86 -2.27  1.31 -1.12 -4.58 -2.96 -4.78 -4.67 -6.07 -4.54 -2.69 
 0.00  0.00  0.00  0.00  0.00  0.00  0.00  0.00  0.00 -4.89 -0.59 -4.29 -3.22 -1.45 -2.68 -2.77 -3.58 -4.37  0.57 -4.69 -0.99 -5.38 -0.90 -2.95 -1.44 -3.63 -1.94 -4.15 -4.27 -1.47 
 0.00  0.00  0.00  0.00  0.00  0.00  0.00  0.00  0.00 -4.02  1.14 -1.57  0.56 -0.02 -1.71 -2.10 -1.62 -5.44 -5.27 -5.12 -1.76 -4.23 -1.56 -4.08 -0.67 -1.88 -0.73 -4.83  1.68 -5.68 
 0.00  0.00  0.00  0.00  0.00  0.00  0.00  0.00  0.00 -1.84 -3.06  0.30 -3.34 -0.30 -3.27 -2.21 -3.67 -1.92 -1.67 -4.54 -1.76 -0.14 -1.34 -1.59 -4.34 -1.20 -1.58 -5.44 -4.92 -4.37 
 0.00  0.00  0.00  0.00  0.00  0.00  0.00  0.00  0.00 -7.21 -4.14  0.50  2.01 -1.84 -0.63 -4.47 -1.52 -6.70 -1.48 -1.23 -4.74 -3.65 -1.59 -4.47 -2.91 -4.50 -2.21 -5.56 -1.91 -5.14 
 0.00  0.00  0.00  0.00  0.00  0.00  0.00  0.00  0.00 -4.57 -4.99 -1.75 -2.15 -3.56 -4.36 -0.87 -4.77 -2.13 -2.42 -1.21 -3.82 -2.92 -2.61 -3.40 -1.85 -1.57 -4.51 -3.81 -3.57 -1.05 
 0.00  0.00  0.00  0.00  0.00  0.00  0.00  0.00  0.00 -3.51 -2.68 -2.72 -4.40 -0.49  1.00 -4.95 -4.77 -2.41  2.22 -0.10 -3.08 -1.85 -0.98 -1.41 -0.66 -4.07 -5.45 -1.34 -2.53 -2.47 
 0.00  0.00  0.00  0.00  0.00  0.00  0.00  0.00  0.00 -0.04 -2.05  0.81 -1.59 -0.49 -1.77 -1.39 -7.01  0.19 -2.08  1.02 -2.88 -4.22 -2.36 -0.87 -3.33 -2.21 -2.03 -3.63 -4.88 -2.37 
 0.00  0.00  0.00  0.00  0.00  0.00  0.00  0.00  0.00 -4.60 -4.68 -6.61 -2.44 -5.01 -0.98 -2.42 -5.22 -1.13 -4.19 -1.03 -1.21 -1.26 -2.66 -3.29 -2.45 -0.66 -5.57 -0.40 -0.09 -2.36 
 0.00  0.00  0.00  0.00  0.00  0.00  0.00  0.00  0.00  0.72 -4.03 -3.00 -1.87 -3.69 -3.22 -2.48 -4.04 -4.71 -4.94 -6.19 -0.80 -4.20 -1.88 -3.18 -1.66 -3.98 -3.89 -2.49 -3.12 -2.88 
 0.00  0.00  0.00  0.00  0.00  0.00  0.00  0.00  0.00 -4.16 -6.85 -3.07 -2.33  1.85 -0.03 -0.68 -4.67 -1.49 -0.99 -6.43  0.15 -0.80 -4.58 -2.56 -1.91 -0.96 -1.22 -5.15 -4.14 -3.29 
 0.00  0.00  0.00  0.00  0.00  0.00  0.00  0.00  0.00 -2.68 -2.55 -1.44 -2.15 -2.36 -1.92 -4.50 -2.75 -4.69 -2.01 -5.53 -1.96 -1.33 -2.34 -0.87  0.01 -2.05 -4.59  0.25 -2.00 -2.25 
 0.00  0.00  0.00  0.00  0.00  0.00  0.00  0.00  0.00 -1.96 -4.33  1.94 -1.39 -2.38  3.04  1.03 -5.26 -2.72 -6.73 -2.31 -5.64 -3.47 -0.75 -1.63 -2.49 -0.48 -0.79 -3.57 -1.91 -1.31 
 0.00  0.00  0.00  0.00  0.00  0.00  0.00  0.00  0.00 -3.90 -4.94 -2.56  0.48 -5.99 -6.02 -6.06  1.44 -4.41 -2.63 -4.05 -5.17 -4.38 -3.89 -2.38 -2.49 -3.18 -0.34 -1.48 -5.72  0.20 
 0.00  0.00  0.00  0.00  0.00  0.00  0.00  0.00  0.00  0.00 -2.08 -5.75 -3.52 -1.93 -0.12 -2.47 -1.36 -1.01 -5.88 -4.19  1.31 -6.14 -2.21 -3.25 -4.69 -1.55 -3.94  0.85 -1.72 -0.95 
 0.00  0.00  0.00  0.00  0.00  0.00  0.00  0.00  0.00  0.93  0.00 -2.45 -7.01 -2.08 -1.11 -4.12  1.05 -3.04 -2.46 -3.64 -4.59 -2.26  0.23 -1.83 -0.13 -2.38 -4.32 -1.31 -1.25 -5.30 
 0.00  0.00  0.00  0.00  0.00  0.00  0.00  0.00  0.00  0.00 -2.89 -1.97 -1.18 -3.75 -2.26 -2.89 -4.83 -0.58 -0.82 -1.19 -3.19 -2.81  0.50 -2.57 -2.45 -4.44 -2.20 -4.21 -3.50  1.16 
 0.00  0.00  0.00  0.00  0.00  0.00  0.00  0.00  0.00  0.00  0.00  0.00 -5.35 -2.96 -1.06 -1.99 -6.93 -4.12 -6.96 -1.35 -0.84 -1.74 -1.11 -6.25 -2.32 -1.90 -4.15 -4.96 -5.12 -1.05 
 0.00  0.00  0.00  0.00  0.00  0.00  0.00  0.00  0.00  0.00 -3.23 -1.04 -4.84 -1.29 -3.54 -1.51 -2.24 -1.90  0.24 -4.70 -3.89 -1.14 -2.71 -0.56 -2.60 -4.25 -1.81 -0.80 -0.98 -2.43 
 0.00  0.00  0.00  0.00  0.00  0.00  0.00  0.00  0.00  0.00  0.00 -1.12 -5.13 -3.96 -0.08 -0.98 -2.94 -5.20  2.04 -1.44 -0.71 -1.66 -2.01 -5.91 -5.27  6.73 -3.74 -2.43 -1.93 -0.85 
 0.00  0.00  0.00  0.00  0.00  0.00  0.00  0.00  0.00  0.00 -6.94  1.98 -2.16 -4.56 -4.77 -2.42 -3.89 -2.06 -8.62 -2.66 -4.20 -2.30 -2.55 -1.12 -2.66 -1.94 -3.35 -6.06 -0.93 -0.44 
 0.00  0.00  0.00  0.00  0.00  0.00  0.00  0.00  0.00  0.00 -3.54 -2.67 -3.93 -2.21 -1.67 -3.03 -1.98 -1.03 -1.44 -1.50 -2.93 -3.09  2.51 -0.86  0.07  2.50 -3.62 -1.88 -6.84 -6.58 
 0.00  0.00  0.00  0.00  0.00  0.00  0.00  0.00  0.00  0.00 -2.95 -2.11 -3.15 -1.64 -3.24 -1.66 -2.66 -1.53 -3.76 -6.48 -6.41 -5.27 -2.76 -1.22  0.44 -1.57 -0.85 -6.71 -2.26 -1.32 
 0.00  0.00  0.00  0.00  0.00  0.00  0.00  0.00  0.00  0.00 -0.80 -2.12 -2.91 -6.22 -4.67 -0.65 -6.38 -7.75 -3.97 -0.32 -1.74 -1.74  0.44 -5.89 -0.30 -2.91 -3.96  1.67 -3.67 -2.36 
 0.00  0.00  0.00  0.00  0.00  0.00  0.00  0.00  0.00  0.00 -4.07 -5.49 -3.41 -1.29 -1.09 -0.13 -2.92 -4.66 -3.22 -5.66 -1.25 -5.98 -4.07 -4.11 -4.72 -4.77 -0.71 -1.81 -3.02  0.28 
 0.00  0.00  0.00  0.00  0.00  0.00  0.00  0.00  0.00 -6.54 -4.16 -2.52  1.78 -2.98 -4.61  2.51 -3.39 -3.43 -1.50 -2.13 -6.74 -1.78 -5.89 -1.35 -0.74 -2.30 -0.61 -3.07 -5.48 -2.81 
 0.00  0.00  0.00  0.00  0.00  0.00  0.00  0.00  0.00 -3.25 -1.26 -1.17 -4.84 -5.64 -4.00 -1.97  0.54 -2.22 -1.09 -3.63 -7.11 -5.54 -6.15  0.52  1.28 -1.94  1.74 -1.50 -5.75 -2.59 
 0.00  0.00  0.00  0.00  0.00  0.00  0.00  0.00  0.00 -2.81 -3.06 -4.21 -4.05 -1.49 -1.65 -0.54 -1.60 -2.36 -1.30 -3.42 -4.48 -2.07 -5.38 -3.10 -0.97 -0.81 -3.18 -3.92 -0.14 -4.80 
 0.00  0.00  0.00  0.00  0.00  0.00  0.00  0.00  0.00 -1.33 -2.88 -4.71 -4.62 -3.07 -1.41  1.22 -1.93  2.27 -2.98 -2.11 -0.37 -5.40  1.65 -3.56 -3.84 -1.22 -2.58 -1.58 -4.10 -2.12 
 0.00  0.00  0.00  0.00  0.00  0.00  0.00  0.00  0.00 -5.86 -4.71 -1.18 -2.10 -0.40 -2.06 -0.81 -4.46 -2.29 -5.22 -3.48 -0.87 -1.02  1.32 -2.03 -5.44 -6.07 -3.20 -2.07 -2.72 -1.60 
 0.00  0.00  0.00  0.00  0.00  0.00  0.00  0.00  0.00 -3.52 -1.17 -2.29 -2.89 -4.11 -2.07 -1.05 -4.47 -0.04 -3.13 -2.31 -2.54 -6.26 -2.73 -1.32  0.89 -2.55 -1.80 -0.98 -3.76 -0.70 
 0.00  0.00  0.00  0.00  0.00  0.00  0.00  0.00  0.00 -5.94 -2.32 -3.62 -3.62 -2.29 -1.50 -6.45 -2.09 -3.25 -5.21 -3.63 -5.45 -5.65 -2.54 -1.08 -0.89 -2.22  0.05 -8.39  2.33 -2.62 
 0.00  0.00  0.00  0.00  0.00  0.00  0.00  0.00  0.00 -4.27 -3.88 -4.22 -4.48 -1.19 -3.48 -1.70 -0.76 -1.51 -1.81  0.10 -5.52 -3.84 -2.81 -4.75 -3.98 -2.12 -0.99 -2.12 -3.06 -2.08 
 0.00  0.00  0.00  0.00  0.00  0.00  0.00  0.00  0.00 -5.26 -2.27 -2.97 -5.15 -3.21 -3.61  0.21 -4.37 -4.22 -0.55 -5.44 -1.23 -5.10 -1.80 -2.40 -5.84 -6.85 -6.49 -2.45 -2.67 -4.21 
 0.00  0.00  0.00  0.00  0.00  0.00  0.00  0.00  0.00 -0.72 -0.16 -5.68 -5.47 -5.67 -5.17 -1.08 -2.27 -6.80 -1.35 -5.79 -1.32 -6.02 -3.40 -5.23 -5.33 -2.41 -4.55 -4.70 -1.91 -1.95 

 3521 - 3556
 0.00  0.00  0.00  0.00  0.00  0.00  0.00  0.00  0.00 -4.68 -4.09 -1.17 -2.43 -2.67 -5.06 -6.49 -9.13 -2.76 -7.87 -1.67 -5.55 -3.57 -1.77 -0.81 -0.66 -3.07 -1.41 -4.01  0.70 -1.56 
 0.00  0.00  0.00  0.00  0.00  0.00  0.00  0.00  0.00 -5.20 -1.89 -5.04 -4.73 -2.46 -3.74 -4.20 -2.27 -1.62 -1.83 -5.78 -2.23  1.34 -1.21 -4.56 -2.89 -4.77 -4.63 -6.04 -4.54 -2.68 
 0.00  0.00  0.00  0.00  0.00  0.00  0.00  0.00  0.00 -4.86 -0.53 -4.23 -3.16 -1.37 -2.66 -2.75 -3.53 -4.34  0.61 -4.64 -0.95 -5.34 -0.88 -2.91 -1.42 -3.63 -1.91 -4.08 -4.24 -1.39 
 0.00  0.00  0.00  0.00  0.00  0.00  0.00  0.00  0.00 -3.97  1.18 -1.51  0.63  0.04 -1.68 -2.09 -1.57 -5.37 -5.19 -5.07 -1.71 -4.19 -1.52 -4.01 -0.62 -1.86 -0.70 -4.76  1.70 -5.38 
 0.00  0.00  0.00  0.00  0.00  0.00  0.00  0.00  0.00 -1.76 -3.02  0.35 -3.32 -0.22 -3.23 -2.13 -3.61 -1.84 -1.64 -4.50 -1.75 -0.07 -1.31 -1.56 -4.31 -1.16 -1.55 -5.40 -4.84 -4.33 
 0.00  0.00  0.00  0.00  0.00  0.00  0.00  0.00  0.00 -7.78 -4.10  0.57  2.05 -1.78 -0.55 -4.40 -1.45 -6.64 -1.43 -1.19 -4.70 -3.59 -1.53 -4.44 -2.88 -4.56 -2.15 -5.47 -1.87 -5.54 
 0.00  0.00  0.00  0.00  0.00  0.00  0.00  0.00  0.00 -4.48 -4.91 -1.66 -2.09 -3.50 -4.15 -0.80 -4.72 -2.10 -2.37 -1.18 -3.76 -2.88 -2.57 -3.40 -1.84 -1.53 -4.45 -3.82 -3.55 -1.04 
 0.00  0.00  0.00  0.00  0.00  0.00  0.00  0.00  0.00 -3.46 -2.60 -2.68 -4.34 -0.15  1.04 -4.89 -4.76 -2.37  2.28 -0.03 -3.04 -1.80 -0.93 -1.35 -0.64 -4.05 -5.41 -1.30 -2.52 -2.46 
 0.00  0.00  0.00  0.00  0.00  0.00  0.00  0.00  0.00 -0.56 -2.34  0.90 -1.58 -0.44 -1.68 -1.33 -6.98  0.28 -2.05  1.08 -2.80 -4.19 -2.32 -0.86 -3.32 -2.20 -2.00 -3.62 -4.86 -2.33 
 0.00  0.00  0.00  0.00  0.00  0.00  0.00  0.00  0.00 -5.08 -4.66 -6.54 -2.41 -4.90 -0.92 -2.39 -5.18 -1.08 -4.15 -1.00 -1.21 -1.24 -2.66 -3.24 -2.43 -0.64 -5.54 -0.38 -0.04 -2.34 
 0.00  0.00  0.00  0.00  0.00  0.00  0.00  0.00  0.00  0.00 -4.45 -2.96 -1.81 -3.64 -3.22 -2.46 -4.00 -4.70 -4.90 -6.13 -0.76 -4.19 -1.83 -3.17 -1.64 -3.98 -3.88 -2.48 -3.14 -2.88 
 0.00  0.00  0.00  0.00  0.00  0.00  0.00  0.00  0.00  0.00 -7.36 -3.03 -2.24  1.93  0.00 -0.63 -4.57 -1.44 -0.95 -6.40  0.21 -0.76 -4.52 -2.54 -1.92 -0.90 -1.21 -5.11 -4.12 -3.27 
 0.00  0.00  0.00  0.00  0.00  0.00  0.00  0.00  0.00 -2.93 -2.51 -1.35 -2.08 -2.33 -1.85 -4.46 -2.74 -4.66 -1.93 -5.49 -1.95 -1.29 -2.28 -0.83  0.05 -2.01 -4.54  0.32 -1.93 -2.19 
 0.00  0.00  0.00  0.00  0.00  0.00  0.00  0.00  0.00  0.00 -4.25  0.56 -1.31 -2.34  3.08  1.05 -5.18 -2.68 -6.62 -2.27 -5.57 -3.46 -0.73 -1.57 -2.45 -0.44 -0.77 -3.52 -1.86 -1.28 
 0.00  0.00  0.00  0.00  0.00  0.00  0.00  0.00  0.00  0.00  0.00 -2.51  0.56 -5.93 -5.97 -6.02  1.46 -4.36 -2.60 -4.02 -5.14 -4.34 -3.86 -2.32 -2.45 -3.15 -0.27 -1.42 -5.71  0.19 
 0.00  0.00  0.00  0.00  0.00  0.00  0.00  0.00  0.00  0.00 -2.04  0.00  0.00 -1.85 -0.07 -2.44 -1.31 -0.97 -5.82 -4.16  1.33 -6.10 -2.19 -3.21 -4.66 -1.47 -3.88  0.91 -1.65 -0.91 
 0.00  0.00  0.00  0.00  0.00  0.00  0.00  0.00  0.00  1.01  0.00 -2.92 -6.99 -2.04 -1.07 -4.08  1.07 -2.99 -2.42 -3.61 -4.54 -2.22  0.30 -1.80 -0.07 -2.35 -4.24 -1.26 -1.23 -5.26 
 0.00  0.00  0.00  0.00  0.00  0.00  0.00  0.00  0.00  0.00  0.00 -1.88 -1.09 -4.37 -2.23 -2.85 -4.77 -0.50 -0.77 -1.09 -3.13 -2.78  0.54 -2.55 -2.45 -4.41 -2.15 -4.16 -3.46  1.17 
 0.00  0.00  0.00  0.00  0.00  0.00  0.00  0.00  0.00  0.00  0.00  0.00 -5.31 -2.85 -0.99 -1.94 -6.95 -4.10 -6.92 -1.29 -0.80 -1.71 -1.09 -6.20 -2.28 -1.89 -4.10 -4.96 -5.14 -1.00 
 0.00  0.00  0.00  0.00  0.00  0.00  0.00  0.00  0.00  0.00  0.00 -0.99 -4.78 -1.25 -3.50 -1.50 -2.18 -1.81  0.29 -4.66 -3.86 -1.05 -2.65 -0.57 -2.60 -4.23 -1.78 -0.82 -0.98 -2.41 
 0.00  0.00  0.00  0.00  0.00  0.00  0.00  0.00  0.00  0.00  0.00  0.00 -5.08 -3.90 -0.09 -0.93 -2.89 -5.15  2.15 -1.40 -0.67 -1.61 -1.91 -5.83 -5.23  6.73 -3.73 -2.41 -1.91 -0.39 
 0.00  0.00  0.00  0.00  0.00  0.00  0.00  0.00  0.00  0.00 -7.24  2.04 -2.12 -4.49 -4.75 -2.39 -3.81 -2.01 -8.55 -2.61 -4.12 -2.22 -2.49 -1.10 -2.64 -1.91 -3.31 -6.02 -0.91 -0.42 
 0.00  0.00  0.00  0.00  0.00  0.00  0.00  0.00  0.00  0.00 -4.15  0.00 -3.86 -2.16 -1.60 -2.95 -1.85 -0.96 -1.39 -1.50 -2.87 -3.05  2.57 -0.84  0.11  2.55 -3.60 -1.86 -6.83 -6.56 
 0.00  0.00  0.00  0.00  0.00  0.00  0.00  0.00  0.00  0.00 -2.84 -2.59 -3.10 -1.57 -3.17 -1.59 -2.59 -1.45 -3.73 -6.45 -6.38 -5.19 -2.66 -1.15  0.51 -1.53 -0.77 -6.67 -2.22 -1.28 
 0.00  0.00  0.00  0.00  0.00  0.00  0.00  0.00  0.00  0.00 -1.29 -2.08 -2.83 -6.14 -4.61 -0.57 -6.32 -7.69 -3.92 -0.26 -1.67 -1.66  0.53 -5.82 -0.28 -2.83 -4.55  1.73 -3.62 -2.31 
 0.00  0.00  0.00  0.00  0.00  0.00  0.00  0.00  0.00  0.00 -4.03 -5.42 -3.32 -1.22 -1.04 -0.08 -2.85 -4.61 -3.18 -5.60 -1.23 -5.87 -3.98 -4.07 -4.68 -4.72 -0.68 -1.75 -2.96  0.30 
 0.00  0.00  0.00  0.00  0.00  0.00  0.00  0.00  0.00 -7.13 -4.14 -2.46  1.84 -2.91 -4.54  2.56 -3.32 -3.35 -1.45 -2.02 -6.67 -1.74 -5.82 -1.27 -0.70 -2.26 -0.56 -3.03 -5.47 -2.79 
 0.00  0.00  0.00  0.00  0.00  0.00  0.00  0.00  0.00 -3.18 -1.17 -1.06 -4.76 -5.58 -3.90 -1.91  0.58 -2.15 -1.02 -3.62 -7.03 -5.46 -6.08  0.60  1.30 -1.88  1.77 -1.50 -5.71 -2.55 
 0.00  0.00  0.00  0.00  0.00  0.00  0.00  0.00  0.00 -3.44 -3.01 -4.15 -3.98 -1.43 -1.59 -0.48 -1.56 -2.32 -1.25 -3.37 -4.41 -2.02 -5.37 -3.04 -0.92 -0.77 -3.16 -3.88 -0.06 -4.78 
 0.00  0.00  0.00  0.00  0.00  0.00  0.00  0.00  0.00 -1.27 -2.84 -4.66 -4.52 -2.99 -1.34  1.27 -1.88  2.37 -2.93 -2.02 -0.33 -5.35  1.73 -3.53 -3.81 -1.18 -2.55 -1.53 -4.08 -2.07 
 0.00  0.00  0.00  0.00  0.00  0.00  0.00  0.00  0.00 -5.82 -4.66 -1.07 -2.04 -0.33 -1.96 -0.71 -4.38 -2.25 -5.14 -3.45 -0.81 -0.95 -3.87 -2.03 -5.39 -6.00 -3.12 -2.03 -2.67 -1.58 
 0.00  0.00  0.00  0.00  0.00  0.00  0.00  0.00  0.00 -3.48 -1.07 -2.23 -2.85 -4.05 -2.02 -0.99 -4.40  0.02 -3.06 -2.30 -2.51 -6.22 -2.70 -1.32 -6.82 -2.53 -1.70 -0.96 -3.74 -0.68 
 0.00  0.00  0.00  0.00  0.00  0.00  0.00  0.00  0.00 -5.88 -2.25 -3.54 -3.56 -2.21 -1.43 -6.40 -2.07 -3.19 -5.16 -3.58 -5.39 -5.59 -2.47 -1.03 -0.88 -2.20  0.08 -8.33  2.40 -2.61 
 0.00  0.00  0.00  0.00  0.00  0.00  0.00  0.00  0.00 -4.22 -3.80 -4.15 -4.39 -1.11 -3.44 -1.64 -0.70 -1.44 -1.77  0.19 -5.48 -3.78 -2.75 -4.69 -3.94 -2.03 -0.94 -2.11 -3.00 -2.06 
 0.00  0.00  0.00  0.00  0.00  0.00  0.00  0.00  0.00 -5.21 -2.19 -2.91 -5.08 -3.16 -3.59  0.23 -4.32 -4.18 -0.54 -5.38 -1.19 -5.07 -1.79 -2.41 -5.84 -6.88 -6.43 -2.43 -2.62 -4.16 
 0.00  0.00  0.00  0.00  0.00  0.00  0.00  0.00  0.00 -0.63 -0.17 -5.64 -5.42 -5.65 -5.11 -1.10 -2.20 -6.84 -1.36 -5.66 -1.28 -6.10 -3.43 -5.29 -5.33 -2.42 -4.57 -4.64 -1.87 -1.91 

 3557 - 3601
 0.00  0.00  0.00  0.00  0.00  0.00  0.00  0.00  0.00 -4.69 -4.06 -1.19 -2.45 -2.62 -5.07 -6.52 -9.08 -2.73 -7.82 -1.69 -5.60 -3.56 -1.71 -0.79 -0.67 -3.16 -1.41 -4.03  0.73 -1.53 
 0.00  0.00  0.00  0.00  0.00  0.00  0.00  0.00  0.00 -5.22 -1.88 -5.01 -4.72 -2.45 -3.76 -4.16 -2.26 -1.61 -1.80 -5.79 -2.22  1.37 -1.13 -4.56 -2.92 -4.74 -4.62 -6.05 -4.46 -2.64 
 0.00  0.00  0.00  0.00  0.00  0.00  0.00  0.00  0.00 -4.84 -0.52 -4.24 -3.19 -1.35 -2.66 -2.70 -3.50 -4.32  0.64 -4.64 -0.90 -5.29 -0.84 -2.89 -1.42 -3.60 -1.89 -4.10 -4.23 -1.38 
 0.00  0.00  0.00  0.00  0.00  0.00  0.00  0.00  0.00 -3.96  1.21 -1.51  0.65  0.05 -1.64 -2.08 -1.55 -5.36 -5.19 -5.06 -1.70 -4.18 -1.51 -4.00 -0.61 -1.85 -0.68 -4.78  1.69 -5.56 
 0.00  0.00  0.00  0.00  0.00  0.00  0.00  0.00  0.00 -1.77 -3.01  0.35 -3.33 -0.23 -3.22 -2.12 -3.60 -1.86 -1.65 -4.45 -1.73 -0.05 -1.28 -1.56 -4.31 -1.15 -1.53 -5.37 -4.85 -4.28 
 0.00  0.00  0.00  0.00  0.00  0.00  0.00  0.00  0.00 -8.11 -4.07  0.55  2.07 -1.78 -0.58 -4.39 -1.46 -6.62 -1.41 -1.19 -4.66 -3.61 -1.54 -4.43 -2.87 -4.48 -2.16 -5.48 -1.88 -5.52 
 0.00  0.00  0.00  0.00  0.00  0.00  0.00  0.00  0.00 -4.48 -5.19 -1.68 -2.09 -3.52 -4.14 -0.81 -4.72 -2.07 -2.39 -1.17 -3.73 -2.86 -2.52 -3.38 -1.83 -1.51 -4.45 -3.79 -3.53 -0.99 
 0.00  0.00  0.00  0.00  0.00  0.00  0.00  0.00  0.00 -3.39 -2.62 -2.68 -4.33  0.00  1.05 -4.91 -4.75 -2.36  2.27 -0.05 -3.05 -1.78 -0.93 -1.36 -0.64 -4.03 -5.38 -1.29 -2.46 -2.42 
 0.00  0.00  0.00  0.00  0.00  0.00  0.00  0.00  0.00  0.00 -2.79  0.42 -1.56 -0.42 -1.71 -1.35 -6.97  0.25 -2.06  1.05 -2.82 -4.19 -2.30 -0.83 -3.26 -2.18 -1.99 -3.58 -4.83 -2.30 
 0.00  0.00  0.00  0.00  0.00  0.00  0.00  0.00  0.00  0.00 -4.67 -6.55 -2.39 -4.92 -0.95 -2.40 -5.19 -1.10 -4.14 -0.99 -1.18 -1.23 -2.61 -3.23 -2.42 -0.65 -5.53 -0.37 -0.04 -2.34 
 0.00  0.00  0.00  0.00  0.00  0.00  0.00  0.00  0.00  0.00  0.00 -2.98 -1.79 -3.65 -3.19 -2.46 -3.99 -4.69 -4.91 -6.12 -0.76 -4.17 -1.83 -3.15 -1.62 -3.95 -3.85 -2.46 -3.10 -2.86 
 0.00  0.00  0.00  0.00  0.00  0.00  0.00  0.00  0.00  0.00  0.00 -3.52 -2.27  1.93  0.02 -0.65 -4.58 -1.45 -0.97 -6.40  0.19 -0.76 -4.54 -2.54 -1.92 -0.92 -1.19 -5.11 -4.10 -3.26 
 0.00  0.00  0.00  0.00  0.00  0.00  0.00  0.00  0.00 -3.48 -2.49 -1.38 -2.07 -2.32 -1.86 -4.44 -2.71 -4.66 -1.94 -5.49 -1.94 -1.29 -2.27 -0.81  0.05 -2.02 -4.54  0.34 -1.92 -2.18 
 0.00  0.00  0.00  0.00  0.00  0.00  0.00  0.00  0.00  0.00 -4.28  1.92 -1.85 -2.32  3.09  1.07 -5.19 -2.68 -6.63 -2.29 -5.55 -3.46 -0.70 -1.54 -2.44 -0.44 -0.74 -3.53 -1.85 -1.27 
 0.00  0.00  0.00  0.00  0.00  0.00  0.00  0.00  0.00  0.00  0.00 -3.08  0.09 -5.92 -5.95 -6.00  1.47 -4.36 -2.59 -4.02 -5.15 -4.32 -3.86 -2.33 -2.45 -3.14 -0.29 -1.41 -5.69  0.25 
 0.00  0.00  0.00  0.00  0.00 -6.00  0.00  0.00  0.00  0.00 -2.47  0.00  0.00 -1.87 -0.08 -2.43 -1.30 -0.98 -5.84 -4.16  1.33 -6.09 -2.20 -3.22 -4.65 -1.49 -3.90  0.89 -1.64 -0.89 
 0.00  0.00  0.00  0.00  0.00  0.00  0.00  0.00  0.00  0.76  0.00  0.00 -6.98 -2.01 -1.04 -4.08  1.07 -2.98 -2.43 -3.63 -4.53 -2.22  0.30 -1.80 -0.06 -2.32 -4.27 -1.24 -1.22 -5.26 
 0.00  0.00  0.00  0.00  0.00  0.00  0.00  0.00  0.00  0.00  0.00 -2.35 -1.11 -4.56 -2.22 -2.84 -4.75 -0.50 -0.77 -1.09 -3.13 -2.75  0.52 -2.55 -2.43 -4.40 -2.16 -4.15 -3.48  1.17 
 0.00  0.00  0.00  0.00  0.00  0.00  0.00  0.00  0.00  0.00  0.00  0.00 -5.80 -2.85 -1.00 -1.93 -6.92 -4.02 -6.91 -1.32 -0.81 -1.71 -1.07 -6.20 -2.28 -1.86 -4.09 -4.97 -5.10 -0.96 
 0.00  0.00  0.00  0.00  0.00  0.00  0.00  0.00  0.00  0.00  0.00 -1.40 -5.11 -1.25 -3.51 -1.50 -2.18 -1.82  0.30 -4.66 -3.86 -1.06 -2.68 -0.54 -2.57 -4.22 -1.77 -0.80 -0.98 -2.38 
 0.00  0.00  0.00  0.00  0.00  0.00  0.00  0.00  0.00  0.00  0.00  0.00 -5.05 -3.90 -0.08 -0.93 -2.89 -5.15  2.14 -1.42 -0.65 -1.62 -1.90 -5.86 -5.23  6.75 -3.70 -2.38 -1.89 -0.39 
 0.00  0.00  0.00  0.00  0.00  0.00  0.00  0.00  0.00  0.00 -7.79  1.60 -2.36 -4.47 -4.74 -2.38 -3.81 -2.00 -8.56 -2.60 -4.10 -2.24 -2.50 -1.11 -2.66 -1.91 -3.32 -6.01 -0.86 -0.40 
 0.00  0.00  0.00  0.00  0.00  0.00  0.00  0.00  0.00  0.00  0.00  0.00 -3.86 -2.15 -1.60 -2.96 -1.86 -0.97 -1.39 -1.52 -2.89 -3.05  2.59 -0.86  0.12  2.54 -3.60 -1.86 -6.81 -6.55 
 0.00  0.00  0.00  0.00  0.00  0.00  0.00  0.00  0.00  0.00 -3.30  0.00 -3.09 -1.58 -3.17 -1.59 -2.58 -1.46 -3.74 -6.43 -6.39 -5.18 -2.67 -1.16  0.50 -1.51 -0.76 -6.66 -2.22 -1.26 
 0.00  0.00  0.00  0.00  0.00  0.00  0.00  0.00  0.00  0.00  0.00 -2.53 -2.82 -6.14 -4.60 -0.59 -6.32 -7.69 -3.90 -0.26 -1.66 -1.68  0.51 -5.83 -0.27 -2.84 -4.63  1.74 -3.63 -2.29 
 0.00  0.00  0.00  0.00  0.00  0.00  0.00  0.00  0.00  0.00 -4.07 -5.41 -3.32 -1.22 -1.01 -0.05 -2.86 -4.58 -3.17 -5.60 -1.19 -5.90 -4.00 -4.06 -4.68 -4.72 -0.63 -1.75 -2.95  0.30 
 0.00  0.00  0.00  0.00  0.00  0.00  0.00  0.00  0.00  0.00 -4.15 -2.99  1.84 -2.92 -4.53  2.56 -3.33 -3.34 -1.43 -2.01 -6.66 -1.72 -5.82 -1.27 -0.69 -2.27 -0.53 -3.00 -5.43 -2.74 
 0.00  0.00  0.00  0.00  0.00  0.00  0.00  0.00  0.00 -3.17 -1.63 -1.09 -4.79 -5.56 -3.90 -1.88  0.58 -2.16 -1.03 -3.59 -7.01 -5.46 -6.09  0.60  1.32 -1.91  1.78 -1.49 -5.69 -2.54 
 0.00  0.00  0.00  0.00  0.00  0.00  0.00  0.00  0.00  0.00 -3.39 -4.14 -3.97 -1.43 -1.59 -0.47 -1.57 -2.32 -1.25 -3.36 -4.42 -2.02 -5.35 -3.03 -0.90 -0.75 -3.12 -3.86 -0.06 -4.77 
 0.00  0.00  0.00  0.00  0.00  0.00  0.00  0.00  0.00 -1.32 -2.82 -4.66 -4.50 -2.99 -1.31  1.31 -1.89  2.36 -2.93 -2.04 -0.33 -5.35  1.74 -3.54 -3.81 -1.16 -2.50 -1.51 -4.08 -2.06 
 0.00  0.00  0.00  0.00  0.00  0.00  0.00  0.00  0.00 -5.88 -4.62 -1.06 -2.04 -0.33 -1.97 -0.72 -4.36 -2.25 -5.13 -3.44 -0.81 -0.94 -3.87 -2.01 -5.35 -5.97 -3.13 -2.03 -2.69 -1.56 
 0.00  0.00  0.00  0.00  0.00  0.00  0.00  0.00  0.00 -3.47 -1.07 -2.24 -2.84 -4.05 -2.03 -0.99 -4.38  0.01 -3.07 -2.27 -2.49 -6.21 -2.69 -1.30 -6.78 -2.51 -1.67 -0.92 -3.73 -0.66 
 0.00  0.00  0.00  0.00  0.00  0.00  0.00  0.00  0.00 -6.20 -2.23 -3.55 -3.54 -2.22 -1.47 -6.40 -2.04 -3.15 -5.16 -3.59 -5.38 -5.59 -2.43 -1.05 -0.83 -2.16  0.12 -8.31  2.41 -2.57 
 0.00  0.00  0.00  0.00  0.00  0.00  0.00  0.00  0.00 -4.21 -3.79 -4.16 -4.40 -1.11 -3.46 -1.66 -0.68 -1.45 -1.76  0.19 -5.48 -3.78 -2.75 -4.69 -3.94 -2.02 -0.92 -2.08 -2.97 -2.02 
 0.00  0.00  0.00  0.00  0.00  0.00  0.00  0.00  0.00 -5.18 -2.19 -2.90 -5.09 -3.14 -3.59  0.25 -4.33 -4.21 -0.52 -5.40 -1.16 -5.06 -1.74 -2.37 -5.82 -6.84 -6.44 -2.41 -2.63 -4.17 
 0.00  0.00  0.00  0.00  0.00  0.00  0.00  0.00  0.00 -0.89 -0.14 -5.66 -5.40 -5.56 -5.13 -1.05 -2.22 -6.78 -1.32 -5.76 -1.25 -6.07 -3.43 -5.19 -5.29 -2.35 -4.55 -4.65 -1.88 -1.90 

 3602 - 3630
 0.00  0.00  0.00  0.00  0.00  0.00  0.00  0.00  0.00 -4.74 -4.05 -1.30 -2.42 -2.65 -5.04 -6.56 -9.09 -2.78 -7.86 -1.72 -5.63 -3.59 -1.70 -0.82 -0.75 -3.14 -1.64 -4.04  0.71 -1.53 
 0.00  0.00  0.00  0.00  0.00  0.00  0.00  0.00  0.00 -5.21 -1.85 -5.03 -4.70 -2.45 -3.79 -4.15 -2.30 -1.60 -1.79 -5.78 -2.21  1.36 -1.13 -4.58 -2.95 -4.75 -4.66 -6.06 -4.50 -2.64 
 0.00  0.00  0.00  0.00  0.00  0.00  0.00  0.00  0.00 -4.83 -0.54 -4.26 -3.21 -1.37 -2.65 -2.74 -3.55 -4.31  0.60 -4.65 -0.94 -5.33 -0.87 -2.92 -1.41 -3.61 -1.90 -4.13 -4.26 -1.37 
 0.00  0.00  0.00  0.00  0.00  0.00  0.00  0.00  0.00 -3.95  1.21 -1.52  0.60  0.02 -1.67 -2.10 -1.59 -5.37 -5.19 -5.07 -1.72 -4.18 -1.52 -4.01 -0.64 -1.86 -0.70 -4.79  1.68 -5.66 
 0.00  0.00  0.00  0.00  0.00  0.00  0.00  0.00  0.00 -1.78 -3.15  0.33 -3.32 -0.24 -3.22 -2.15 -3.64 -1.88 -1.65 -4.48 -1.73 -0.08 -1.32 -1.56 -4.32 -1.15 -1.54 -5.38 -4.82 -4.31 
 0.00  0.00  0.00  0.00  0.00  0.00  0.00  0.00  0.00  0.00 -4.45  0.56  2.05 -1.81 -0.58 -4.40 -1.47 -6.63 -1.44 -1.19 -4.71 -3.63 -1.55 -4.45 -2.87 -4.46 -2.14 -5.48 -1.89 -5.75 
 0.00  0.00  0.00  0.00  0.00  0.00  0.00  0.00  0.00 -5.05 -5.75 -1.67 -2.08 -3.51 -4.15 -0.85 -4.73 -2.08 -2.39 -1.19 -3.77 -2.89 -2.56 -3.41 -1.84 -1.51 -4.46 -3.79 -3.55 -1.00 
 0.00  0.00  0.00  0.00  0.00  0.00  0.00  0.00  0.00 -3.93 -2.64 -2.71 -4.36  0.08  1.05 -4.93 -4.77 -2.36  2.25 -0.06 -3.02 -1.82 -0.93 -1.38 -0.64 -4.05 -5.39 -1.31 -2.50 -2.47 
 0.00  0.00  0.00  0.00  0.00  0.00  0.00  0.00  0.00  0.00  0.00 -0.02 -1.54 -0.41 -1.68 -1.36 -6.96  0.27 -2.09  1.06 -2.83 -4.18 -2.31 -0.84 -3.29 -2.19 -2.01 -3.63 -4.87 -2.32 
 0.00  0.00  0.00  0.00  0.00  0.00  0.00  0.00  0.00  0.00 -4.66 -6.57 -2.41 -4.93 -0.92 -2.40 -5.21 -1.10 -4.15 -1.04 -1.20 -1.27 -2.65 -3.24 -2.43 -0.67 -5.54 -0.37 -0.07 -2.36 
 0.00  0.00  0.00  0.00  0.00  0.00  0.00  0.00  0.00  0.00  0.00 -2.98 -1.77 -3.65 -3.21 -2.47 -4.01 -4.70 -4.92 -6.17 -0.77 -4.15 -1.85 -3.14 -1.63 -3.96 -3.86 -2.47 -3.14 -2.87 
 0.00  0.00  0.00  0.00  0.00  0.00  0.00  0.00  0.00  0.00  0.00  0.00 -2.24  1.91  0.01 -0.64 -4.60 -1.45 -0.94 -6.41  0.19 -0.76 -4.56 -2.57 -1.93 -0.92 -1.22 -5.13 -4.12 -3.27 
 0.00  0.00  0.00  0.00  0.00  0.00  0.00  0.00  0.00  0.00 -3.11 -1.75 -2.72 -2.33 -1.85 -4.45 -2.72 -4.68 -1.93 -5.52 -1.94 -1.28 -2.27 -0.84  0.06 -2.03 -4.56  0.30 -1.96 -2.20 
 0.00  0.00  0.00  0.00  0.00  0.00  0.00  0.00  0.00  0.00 -4.27  1.55 -2.24 -2.33  3.08  1.06 -5.18 -2.66 -6.67 -2.27 -5.56 -3.45 -0.71 -1.57 -2.44 -0.45 -0.78 -3.54 -1.86 -1.28 
 0.00  0.00  0.00  0.00  0.00  0.00  0.00  0.00  0.00  0.00  0.00  0.00  0.00 -5.91 -5.95 -6.02  1.45 -4.36 -2.58 -4.01 -5.15 -4.33 -3.86 -2.34 -2.45 -3.15 -0.28 -1.41 -5.71  0.24 
 0.00  0.00  0.00  0.00  0.00  0.00  0.00  0.00  0.00  0.00 -3.01  0.00  0.00 -1.87 -0.74 -2.45 -1.30 -0.97 -5.84 -4.15  1.32 -6.09 -2.20 -3.21 -4.66 -1.48 -3.92  0.92 -1.67 -0.91 
 0.00  0.00  0.00  0.00  0.00  0.00  0.00  0.00  0.00  0.00  0.00  0.00 -6.98 -2.02 -1.06 -4.10  1.06 -2.98 -2.44 -3.62 -4.54 -2.22  0.31 -1.81 -0.06 -2.33 -4.29 -1.24 -1.20 -5.25 
 0.00  0.00  0.00  0.00  0.00  0.00  0.00  0.00  0.00  0.00  0.00 -2.84 -1.10  0.00 -2.22 -2.84 -4.78 -0.52 -0.78 -1.10 -3.14 -2.76  0.51 -2.54 -2.45 -4.41 -2.16 -4.16 -3.48  1.17 
 0.00  0.00  0.00  0.00  0.00  0.00  0.00  0.00  0.00  0.00  0.00  0.00  0.00 -3.42 -1.01 -1.93 -6.94 -3.92 -6.93 -1.31 -0.82 -1.71 -1.08 -6.21 -2.30 -1.88 -4.08 -4.98 -5.17 -1.00 
 0.00  0.00  0.00  0.00  0.00  0.00  0.00  0.00  0.00  0.00  0.00  0.00 -5.65 -2.05 -3.52 -1.51 -2.21 -1.83  0.30 -4.67 -3.86 -1.07 -2.68 -0.56 -2.58 -4.22 -1.78 -0.83 -1.00 -2.41 
 0.00  0.00  0.00  0.00  0.00  0.00  0.00  0.00  0.00  0.00  0.00  0.00 -5.07 -3.90 -0.71 -0.94 -2.89 -5.18  2.13 -1.41 -0.69 -1.66 -2.08 -5.85 -5.26  6.74 -3.75 -2.40 -1.90 -0.40 
 0.00  0.00  0.00  0.00  0.00  0.00  0.00  0.00  0.00  0.00  0.00  1.00 -2.96 -5.07 -4.75 -2.40 -3.82 -2.01 -8.54 -2.59 -4.12 -2.23 -2.49 -1.13 -2.67 -1.95 -3.33 -6.02 -0.91 -0.43 
 0.00  0.00  0.00  0.00  0.00  0.00  0.00  0.00  0.00  0.00  0.00  0.00 -4.34 -2.75 -1.60 -2.96 -1.86 -0.98 -1.42 -1.52 -2.89 -3.05  2.58 -0.86  0.14  2.54 -3.61 -1.85 -6.83 -6.57 
 0.00  0.00  0.00  0.00  0.00  0.00  0.00  0.00  0.00  0.00 -3.96  0.00 -3.10 -1.57 -3.16 -1.60 -2.61 -1.46 -3.73 -6.45 -6.38 -5.21 -2.68 -1.18  0.49 -1.53 -0.78 -6.67 -2.22 -1.26 
 0.00  0.00  0.00  0.00  0.00  0.00  0.00  0.00  0.00  0.00  0.00 -3.03 -2.83 -6.13 -4.61 -0.58 -6.30 -7.71 -3.90 -0.26 -1.66 -1.72  0.48 -5.86 -0.28 -2.81 -4.55  1.75 -3.65 -2.30 
 0.00  0.00  0.00  0.00  0.00  0.00  0.00  0.00  0.00  0.00  0.00 -6.10 -3.31 -1.20 -1.01 -0.07 -2.84 -4.60 -3.19 -5.62 -1.20 -5.90 -3.99 -4.07 -4.69 -4.74 -0.66 -1.76 -2.99  0.31 
 0.00  0.00  0.00  0.00  0.00  0.00  0.00  0.00  0.00  0.00 -4.15 -3.39  1.15 -2.91 -4.56  2.54 -3.35 -3.36 -1.46 -2.02 -6.64 -1.73 -5.84 -1.28 -0.70 -2.28 -0.54 -3.02 -5.45 -2.78 
 0.00  0.00  0.00  0.00  0.00  0.00  0.00  0.00  0.00 -3.16 -2.15 -1.07 -4.79 -5.58 -3.88 -1.91  0.59 -2.17 -1.03 -3.60 -7.00 -5.46 -6.11  0.57  1.30 -1.91  1.75 -1.51 -5.71 -2.54 
 0.00  0.00  0.00  0.00  0.00  0.00  0.00  0.00  0.00  0.00 -3.86 -4.12 -3.98 -1.43 -1.58 -0.50 -1.56 -2.31 -1.24 -3.37 -4.41 -2.03 -5.35 -3.05 -0.90 -0.76 -3.17 -3.86 -0.10 -4.78 
 0.00  0.00  0.00  0.00  0.00  0.00  0.00  0.00  0.00  0.00 -2.80 -4.67 -4.51 -2.99 -1.32  1.30 -1.90  2.36 -2.93 -2.04 -0.33 -5.36  1.73 -3.55 -3.81 -1.18 -2.55 -1.52 -4.11 -2.09 
 0.00  0.00  0.00  0.00  0.00  0.00  0.00  0.00  0.00 -6.36 -4.63 -1.05 -2.03 -0.32 -1.98 -0.75 -4.37 -2.24 -5.14 -3.45 -0.81 -0.95 -3.86 -2.01 -5.39 -6.01 -3.12 -2.02 -2.69 -1.56 
 0.00  0.00  0.00  0.00  0.00  0.00  0.00  0.00  0.00 -3.47 -1.09 -2.24 -2.83 -4.04 -2.02 -1.02 -4.40  0.04 -3.06 -2.28 -2.49 -6.22 -2.68 -1.30 -6.82 -2.52 -1.70 -0.94 -3.74 -0.68 
 0.00  0.00  0.00  0.00  0.00  0.00  0.00  0.00  0.00 -6.92 -2.23 -3.56 -3.57 -2.25 -1.47 -6.40 -2.05 -3.18 -5.18 -3.58 -5.40 -5.58 -2.46 -1.09 -0.88 -2.17  0.11 -8.32  2.39 -2.58 
 0.00  0.00  0.00  0.00  0.00  0.00  0.00  0.00  0.00 -4.23 -3.78 -4.17 -4.40 -1.13 -3.46 -1.66 -0.71 -1.47 -1.77  0.17 -5.51 -3.78 -2.77 -4.69 -3.96 -2.04 -0.94 -2.11 -2.99 -2.03 
 0.00  0.00  0.00  0.00  0.00  0.00  0.00  0.00  0.00 -5.67 -2.23 -2.89 -5.11 -3.17 -3.60  0.24 -4.33 -4.19 -0.51 -5.38 -1.20 -5.13 -1.74 -2.36 -5.83 -6.88 -6.46 -2.42 -2.63 -4.17 
 0.00  0.00  0.00  0.00  0.00  0.00  0.00  0.00  0.00  0.00 -0.11 -5.67 -5.45 -5.54 -5.13 -1.01 -2.24 -6.80 -1.40 -5.70 -1.25 -6.10 -3.44 -5.17 -5.28 -2.36 -4.54 -4.63 -1.89 -1.89 

 3631 - 3662
 0.00  0.00  0.00  0.00  0.00  0.00  0.00  0.00  0.00 -4.70 -4.10 -1.19 -2.46 -2.62 -5.06 -6.48 -9.08 -2.75 -7.81 -1.67 -5.56 -3.64 -1.74 -0.83 -0.64 -3.09 -1.55 -4.02  0.71 -1.51 
 0.00  0.00  0.00  0.00  0.00  0.00  0.00  0.00  0.00 -5.20 -1.85 -5.03 -4.73 -2.45 -3.79 -4.14 -2.27 -1.62 -3.22 -5.80 -2.21  1.37 -1.12 -4.56 -2.93 -4.75 -4.65 -6.04 -4.48 -2.63 
 0.00  0.00  0.00  0.00  0.00  0.00  0.00  0.00  0.00 -4.83 -0.52 -4.23 -3.18 -1.35 -2.67 -2.75 -3.54 -4.34  0.62 -4.65 -0.92 -5.31 -0.85 -2.93 -1.42 -3.61 -1.90 -4.10 -4.23 -1.35 
 0.00  0.00  0.00  0.00  0.00  0.00  0.00  0.00  0.00 -3.96  1.23 -1.52  0.61  0.08 -1.66 -2.07 -1.55 -5.37 -5.20 -5.05 -1.72 -4.18 -1.53 -4.02 -0.64 -1.87 -0.72 -4.80  1.69 -5.66 
 0.00  0.00  0.00  0.00  0.00  0.00  0.00  0.00  0.00 -1.86 -3.77  0.35 -3.30 -0.22 -3.21 -2.11 -3.62 -1.85 -1.64 -4.44 -1.74 -0.07 -1.30 -1.54 -4.32 -1.16 -1.57 -5.42 -4.89 -4.30 
 0.00  0.00  0.00  0.00  0.00  0.00  0.00  0.00  0.00  0.00 -4.83  0.54  2.06 -1.79 -0.56 -4.38 -1.44 -6.61 -1.42 -1.18 -4.70 -3.62 -1.52 -4.43 -2.86 -4.42 -2.18 -5.51 -1.89 -5.45 
 0.00  0.00  0.00  0.00  0.00  0.00  0.00  0.00  0.00 -5.49  0.00 -1.65 -2.06 -3.50 -4.14 -0.80 -4.72 -2.08 -2.38 -1.18 -3.74 -2.87 -2.54 -3.39 -1.85 -1.52 -4.47 -3.79 -3.53 -1.03 
 0.00  0.00  0.00  0.00  0.00  0.00  0.00  0.00  0.00  0.00 -2.63 -2.65 -4.34  0.11  1.04 -4.89 -4.75 -2.35  2.26 -0.05 -3.02 -1.77 -0.95 -1.37 -0.63 -4.04 -5.42 -1.32 -2.51 -2.49 
 0.00  0.00  0.00  0.00  0.00  0.00  0.00  0.00  0.00  0.00  0.00  0.00 -1.74 -0.40 -1.69 -1.35 -6.97  0.27 -2.07  1.07 -2.81 -4.18 -2.32 -0.84 -3.30 -2.20 -2.01 -3.62 -4.83 -2.32 
 0.00  0.00  0.00  0.00  0.00  0.00  0.00  0.00  0.00  0.00 -4.66 -7.10 -2.40 -4.91 -0.93 -2.37 -5.22 -1.11 -4.14 -1.00 -1.19 -1.27 -2.65 -3.26 -2.45 -0.65 -5.54 -0.39 -0.07 -2.34 
 0.00  0.00  0.00  0.00  0.00  0.00  0.00  0.00  0.00  0.00  0.00 -3.11 -1.77 -3.62 -3.20 -2.44 -3.98 -4.69 -4.91 -6.14 -0.77 -4.18 -1.83 -3.15 -1.63 -3.96 -3.86 -2.48 -3.15 -2.88 
 0.00  0.00  0.00  0.00  0.00  0.00  0.00  0.00  0.00  0.00  0.00  0.00 -2.27  1.95  0.03 -0.64 -4.58 -1.43 -0.97 -6.39  0.20 -0.76 -4.55 -2.53 -1.92 -0.91 -1.20 -5.12 -4.12 -3.26 
 0.00  0.00  0.00  0.00  0.00  0.00  0.00  0.00  0.00  0.00 -3.34 -2.21 -2.98 -2.31 -1.86 -4.44 -2.71 -4.68 -1.97 -5.51 -1.94 -1.29 -2.27 -0.83  0.04 -2.02 -4.55  0.31 -1.97 -2.18 
 0.00  0.00  0.00  0.00  0.00  0.00  0.00  0.00  0.00  0.00 -4.29  1.29  0.00 -2.32  2.87  1.05 -5.20 -2.66 -6.62 -2.27 -5.56 -3.44 -0.69 -1.56 -2.44 -0.42 -0.75 -3.52 -1.86 -1.26 
 0.00  0.00  0.00  0.00  0.00  0.00  0.00  0.00  0.00  0.00  0.00  0.00  0.00 -5.91 -5.95 -6.02  1.47 -4.33 -2.59 -4.03 -5.15 -4.32 -3.84 -2.31 -2.47 -3.14 -0.25 -1.44 -5.69  0.23 
 0.00  0.00  0.00  0.00  0.00  0.00  0.00  0.00  0.00  0.00  0.00  0.00  0.00 -2.05 -0.92 -2.88 -1.30 -0.96 -5.84 -4.16  1.32 -6.08 -2.21 -3.22 -4.64 -1.48 -3.93  0.91 -1.65 -0.90 
 0.00  0.00  0.00  0.00  0.00  0.00  0.00  0.00  0.00  0.00  0.00  0.00 -6.97 -2.02 -1.04 -4.08  1.07 -2.99 -2.43 -3.61 -4.53 -2.23  0.31 -1.80 -0.04 -2.30 -4.26 -1.27 -1.20 -5.25 
 0.00  0.00  0.00  0.00  0.00  0.00  0.00  0.00  0.00  0.00  0.00  0.00 -1.07  0.00 -2.22 -2.83 -4.76 -0.50 -0.77 -1.08 -3.14 -2.75  0.53 -2.52 -2.46 -4.41 -2.15 -4.16 -3.48  1.17 
 0.00  0.00  0.00  0.00  0.00  0.00  0.00  0.00  0.00  0.00  0.00  0.00  0.00 -3.74 -0.99 -2.32 -6.97 -3.92 -6.91 -1.29 -0.80 -1.71 -1.07 -6.20 -2.30 -1.88 -4.08 -4.96 -5.14 -0.97 
 0.00  0.00  0.00  0.00  0.00  0.00  0.00  0.00  0.00  0.00  0.00  0.00  0.00 -2.34 -3.50 -1.50 -2.20 -1.81  0.30 -4.67 -3.84 -1.05 -2.68 -0.56 -2.60 -4.24 -1.78 -0.81 -1.01 -2.37 
 0.00  0.00  0.00  0.00  0.00  0.00  0.00  0.00  0.00  0.00  0.00  0.00 -5.08 -3.99 -0.95 -0.92 -2.89 -5.15  2.15 -1.42 -0.65 -1.63 -2.08 -5.85 -5.22  6.75 -3.72 -2.40 -1.90 -0.45 
 0.00  0.00  0.00  0.00  0.00  0.00  0.00  0.00  0.00  0.00  0.00  0.00  0.00 -5.33 -4.72 -2.38 -3.81 -2.00 -8.54 -2.60 -4.13 -2.24 -2.51 -1.13 -2.66 -1.90 -3.31 -6.02 -0.89 -0.42 
 0.00  0.00  0.00  0.00  0.00  0.00  0.00  0.00  0.00  0.00  0.00  0.00 -4.70 -3.02 -1.58 -2.93 -1.84 -0.96 -1.40 -1.50 -2.88 -3.04  2.57 -0.87  0.11  2.55 -3.61 -1.86 -6.83 -6.56 
 0.00  0.00  0.00  0.00  0.00  0.00  0.00  0.00  0.00  0.00  0.00  0.00 -3.43 -1.56 -3.15 -1.59 -2.58 -1.47 -3.71 -6.44 -6.41 -5.18 -2.70 -1.16  0.50 -1.50 -0.77 -6.66 -2.22 -1.28 
 0.00  0.00  0.00  0.00  0.00  0.00  0.00  0.00  0.00  0.00  0.00  0.00 -2.91 -6.12 -4.59 -0.57 -6.29 -7.70 -3.90 -0.26 -1.64 -1.71  0.50 -5.82 -0.25 -2.83 -4.49  1.76 -3.62 -2.32 
 0.00  0.00  0.00  0.00  0.00  0.00  0.00  0.00  0.00  0.00  0.00 -6.38 -3.46 -1.20 -1.00 -0.06 -2.86 -4.59 -3.19 -5.60 -1.21 -5.90 -3.98 -4.04 -4.66 -4.72 -0.67 -1.76 -2.94  0.31 
 0.00  0.00  0.00  0.00  0.00  0.00  0.00  0.00  0.00  0.00 -4.15  0.00  0.97 -2.91 -4.55  2.58 -3.34 -3.36 -1.44 -2.00 -6.66 -1.71 -5.81 -1.28 -0.69 -2.26 -0.53 -3.03 -5.44 -2.79 
 0.00  0.00  0.00  0.00  0.00  0.00  0.00  0.00  0.00 -3.15  0.00 -1.15 -4.76 -5.57 -3.88 -1.88  0.59 -2.15 -1.00 -3.58 -7.01 -5.44 -6.09  0.59  1.31 -1.89  1.76 -1.48 -5.68 -2.53 
 0.00  0.00  0.00  0.00  0.00  0.00  0.00  0.00  0.00  0.00  0.00 -4.27 -3.97 -1.42 -1.59 -0.45 -1.57 -2.31 -1.23 -3.35 -4.41 -2.02 -5.35 -3.02 -0.92 -0.80 -3.15 -3.88 -0.09 -4.77 
 0.00  0.00  0.00  0.00  0.00  0.00  0.00  0.00  0.00  0.00 -2.81 -4.66 -4.45 -3.00 -1.30  1.30 -1.87  2.40 -2.93 -2.03 -0.32 -5.34  1.75 -3.55 -3.81 -1.18 -2.54 -1.54 -4.10 -2.07 
 0.00  0.00  0.00  0.00  0.00  0.00  0.00  0.00  0.00  0.00 -4.65 -1.04 -2.02 -0.32 -1.94 -0.73 -4.36 -2.24 -5.13 -3.45 -0.79 -0.93 -3.87 -2.00 -5.37 -5.98 -3.15 -2.01 -2.69 -1.59 
 0.00  0.00  0.00  0.00  0.00  0.00  0.00  0.00  0.00 -3.54 -1.06 -2.23 -2.82 -4.04 -2.00 -0.99 -4.38  0.04 -3.09 -2.27 -2.50 -6.18 -2.67 -1.30 -6.79 -2.52 -1.70 -0.94 -3.73 -0.67 
 0.00  0.00  0.00  0.00  0.00  0.00  0.00  0.00  0.00  0.00 -2.23 -3.53 -3.56 -2.20 -1.47 -6.38 -2.06 -3.18 -5.15 -3.58 -5.39 -5.59 -2.47 -1.07 -0.86 -2.18  0.08 -8.33  2.39 -2.61 
 0.00  0.00  0.00  0.00  0.00  0.00  0.00  0.00  0.00 -4.24 -3.79 -4.15 -4.41 -1.11 -3.46 -1.66 -0.70 -1.44 -1.77  0.17 -5.47 -3.77 -2.77 -4.69 -3.93 -2.02 -0.94 -2.08 -3.00 -2.05 
 0.00  0.00  0.00  0.00  0.00  0.00  0.00  0.00  0.00 -6.11 -2.21 -2.95 -5.09 -3.16 -3.58  0.21 -4.35 -4.20 -0.54 -5.37 -1.17 -5.08 -1.76 -2.40 -5.83 -6.85 -6.46 -2.43 -2.63 -4.20 
 0.00  0.00  0.00  0.00  0.00  0.00  0.00  0.00  0.00  0.00 -0.16 -5.65 -5.39 -5.59 -5.12 -1.05 -2.28 -6.83 -1.39 -5.81 -1.25 -6.05 -3.46 -5.25 -5.26 -2.34 -4.53 -4.66 -1.88 -1.91 

6954 - 6960
 0.00  0.00  0.00 -0.41  5.11 -1.30 -3.16 -2.64  3.17 -0.88  0.67 -11.06 -1.06  3.36  0.53  2.43 -0.57  2.50 -1.96 -0.76  3.53  3.36  3.36  4.66  5.39 -2.26  3.55  0.21  4.25  2.34 
 0.00  0.00  0.00 -1.39  0.66  4.55  1.47 -0.23  3.95 -0.65 -0.91  0.01  3.09  3.92 -0.20  0.62  4.95 -0.57  4.81  2.62  1.48  4.57 -0.20  4.26  5.32  0.18 -0.83  3.57  3.62  2.83 
 0.00  0.00  0.00  1.95  1.90  4.32  1.92  1.03 -2.40 -7.92  0.06 -1.19  0.77  0.82  0.58  5.40  0.05  1.18  2.72  3.47  6.72  1.25  3.84  2.01  4.71  0.92  4.96  1.52  2.42  2.66 
 0.00  0.00  0.00  2.18  3.15  2.34  3.26  2.70 -3.80  1.94  2.83  6.54  0.67  0.49  4.53 -0.17  3.97 -1.43 -0.25  3.11  1.29 -0.38  4.61 -3.88  2.63  1.51  2.62 -1.94  6.69 -1.45 
 0.00  0.00  0.00  4.13 -0.78  0.83  1.40  2.33  2.66  4.00  4.19  1.31  3.38  0.55  4.25  2.26  3.69  2.08  2.60  0.59  6.48  3.35  0.30  7.49  3.93  0.69  3.86 -2.01 -0.49 -0.55 
 0.00  0.00  0.00  0.78  2.83  1.82 -4.27  0.04 -1.42 -2.66 -2.69  2.42  2.66 -0.40  1.20  2.16  2.30 -2.59  4.54  2.23  4.04  3.46  2.49  3.36  0.18  1.08  3.00 -0.72 -0.03  1.36 
 0.00  0.00  0.00  2.22 -0.25  2.91  2.53  2.93  6.93  4.76 -2.14  5.61 -0.43  0.41 -0.06  3.04 -2.28 -0.71  0.26  4.17 -0.10  3.23  3.20  2.00  2.19  1.47  4.01  2.02  0.87  3.07 
 0.00  0.00  0.00  3.84  2.76  5.01  4.88  4.71 -1.53  2.59  1.51  0.22 -0.62  0.14  2.67 -0.65  0.51  1.41  2.39  6.20  2.13  2.53  1.48  3.52  1.54 -0.36 -0.50  1.31  1.14  3.42 
 0.00  0.00  0.00  1.44  3.51  0.68 -0.09 -1.27 -1.59  5.50  4.61  6.10  1.81  4.21  0.70  4.85 -2.59  5.20  5.63  2.99 -0.57  3.33  1.19 -0.05 -2.75 -0.64  3.69 -0.74  0.66  3.37 
 0.00  0.00  0.00  1.06  0.13  1.74  3.93  0.31  0.62  1.02  3.49  2.10  1.47 -3.76  2.66 -1.65 -2.76  2.17  3.33  5.17  2.82  4.47  2.63 -1.90  1.24  3.70 -0.31 -0.06  5.05  2.54 
 0.00  0.00  0.00  3.72  6.83  3.33 -2.92  4.52 -1.01  8.06  1.47  3.84 -1.40 -0.35  2.02  2.27  3.15  2.36  2.43  2.02  5.58 -1.25 -0.39  4.17  3.10  0.91 -0.15  1.89  2.63  0.73 
 0.00  0.00  0.00  0.41  0.41  0.61  3.43  5.07 -0.31 -1.53  0.39  2.80 -1.84  4.36  1.80  3.30  0.04  1.13  3.28 -2.34  3.22  4.71  2.04  2.62 -0.68 -0.59  1.62  3.31  0.41  1.45 
 0.00  0.00  0.00  1.17 -0.01  1.82  5.66  4.77  2.33  2.21  0.56  4.88  1.68  2.49  3.14  0.02  3.08  5.29  0.64  2.23  3.83  2.38 -1.05  1.27  0.82  1.55 -0.51  4.23  1.06  1.76 
 0.00  0.00  0.00  0.00 -0.00  0.74  1.05  2.04  1.15  2.82  3.78  5.03  2.99  0.37  5.33  3.49 -0.44 -0.54  0.11  3.11 -1.12 -0.02  3.00 -0.11 -1.46  1.06  6.67  1.42  3.37  0.95 
 0.00  0.00  0.00  0.00  1.53  5.74  3.11 -0.21 -3.27 -0.90 -0.26  3.70  1.33 -0.93  5.20  2.11  5.25  1.82  1.37  1.72  3.97  5.23  4.14  1.48  3.12 -0.42  4.00  3.69 -1.99  4.39 
 0.00  0.00  0.00  0.00  5.10 -0.14  4.02  7.66 -1.38  3.16  7.69 -1.16  2.30  1.23  1.52  1.69  2.73  1.78  3.44  3.05  1.08  1.15  1.13  6.02 -0.19  5.05 -0.72  2.56  0.04  3.52 
 0.00  0.00  0.00  3.08  3.07  2.69  0.90  3.74  1.63  3.02  0.86  2.07  1.28  2.73  1.64 -0.62  3.78  2.97  5.97  2.54  1.81  3.40 -0.52  0.55  5.23  5.55  0.21  3.85  4.52  0.24 
 0.00  0.00  0.00  0.00 -1.15  5.55  3.60  1.45  0.02  0.31 -2.38  1.89  4.17  0.58  2.44  4.51  4.03 -1.83  4.61  3.39  3.38  1.85  2.21  2.15  2.44  0.03  2.64 -1.97 -0.17  1.17 
 0.00  0.00  0.00  0.00  2.35  4.76 -1.33  2.59 -1.56  2.21  5.06  1.50 -1.47  2.33  4.00  0.86  1.33  3.24  2.92  2.84  1.06  1.94  3.08  0.25  2.94  3.00  3.59  2.18  0.82 -0.39 
 0.00  0.00  0.00  0.00  1.02  5.76  3.14  5.62  1.70 -0.85  0.04  4.19  3.05  3.66  3.80 -0.17  2.76  1.02  5.31  0.26  0.11  3.25  2.43  4.63  2.82 -1.45  2.84  0.36  1.92  2.75 
 0.00  0.00  0.00  0.00 -2.80  4.63  2.39  2.15  5.33  2.67  2.10  3.25  1.03 -0.96 -1.03  3.05  3.47  3.47  8.88  2.76  3.04  2.86  2.44 -0.67 -0.35  4.19 -0.05  1.75 -0.20  3.60 
 0.00  0.00  0.00  0.00  1.83  0.93  3.15  3.13  1.61 -3.12  1.96  4.86  3.98  3.50 -0.88  2.67  1.50  5.87  0.80 -1.40  3.41  3.69  1.99  0.03  2.24  3.22  0.68  1.13  4.18  3.13 
 0.00  0.00  0.00  1.05  1.26  3.24 -2.05  4.88  1.53  1.65 -1.95  3.10  1.04  2.74 -0.22  2.92  2.90  3.39  1.37 -0.67  5.58  2.59  6.01  4.51  3.66  5.14 -0.19  2.63 -2.41  1.22 
 0.00  0.00  0.00  0.95  3.00  0.60  2.29  4.18  3.16  2.48  1.55 -0.86  3.34  3.21  2.53 -3.94  1.98  2.79  4.88  2.10  0.02  3.78  2.94  3.69  3.02  3.30 -0.25 -0.98  1.83  2.26 
 0.00  0.00  0.00  0.00  6.14 -1.87 -1.84  3.94  3.53  0.77  3.60  4.36 -1.22  3.60  0.05  6.21 -1.57  0.69 -0.02  1.04  2.89  5.83  0.68  3.49  2.95 -2.69  3.19  6.56  0.85  0.96 
 0.00  0.00  0.00  5.13  4.17  1.06  2.01 -0.46  4.13 -0.91  4.71  0.55 -0.64  0.53  0.32  0.81 -2.52  1.42  1.93  3.59  0.66  3.24 -1.06  3.82 -0.16  0.67  4.54  0.64  1.49  2.38 
 0.00  0.00  0.00  0.92  6.45 -1.42  5.80 -0.34  3.31  1.69  0.35  3.75  3.31  2.35  2.75  4.12  1.79  1.61  2.34 -0.15  1.25  2.56  2.32  1.75  1.88 -1.72  4.05  2.63 -1.71 -0.43 
 0.00  0.00  0.00  0.81  1.49  0.30 -2.15  3.21  0.45  4.86 -0.96  0.46  0.66  3.52  0.50  0.84  5.95  3.77 -0.09  2.14 -1.57 -0.29  3.98  5.69  3.73  1.53  6.95  3.46  2.97  2.11 
 0.00  0.00  0.00  0.01  2.09 -2.42  2.81  0.01  3.44  3.57  2.33 -0.70  3.78  2.73  3.01  4.40  2.41  0.53  0.35  2.75  3.83  4.71 -0.27  2.31  3.57  3.07  2.13 -0.64  5.42  0.46 
 0.00  0.00  0.00  1.47  1.03  1.00  3.37  4.35  3.88  5.11  2.19 -1.47  0.93  4.77  0.39  1.71  1.54  6.35  3.06  0.94  3.81  0.47  5.25  0.56  4.00  0.51  0.19  2.21 -0.60  2.84 
 0.00  0.00  0.00  1.18  3.32 -0.23  3.87 -1.11  4.41 -0.61 -0.31  6.21  4.92  4.57  1.79  2.00  2.37  1.00 -0.57  1.02  5.87  3.46 -0.85  3.40  2.74 -2.98  3.00  2.20  1.94  2.86 
 0.00  0.00  0.00  4.20  2.85  1.14  2.01  0.76  0.45  3.12  0.76 -2.27 -0.93  2.39  2.19  0.24  1.36  2.53  0.18 -0.80  4.13  1.22  2.10  3.70 -3.42 -2.36  2.22  0.20  1.27  4.57 
 0.00  0.00  0.00  3.24 -0.13  2.21  2.58  0.28  2.80  0.41  2.47 -0.65  3.30  2.74  3.12  2.15  1.51  3.81 -1.86  0.95 -1.00 -0.93  0.25  0.19  0.34  1.49  3.79  0.10  2.69 -0.32 
 0.00  0.00  0.00  1.72  2.10 -0.82 -7.53  4.83  1.66  1.79 -0.53  1.01  1.60  3.65 -1.18  1.51  0.17  2.17  1.62  5.87  3.02  1.45  0.52  2.65  0.39 -2.18  1.65  6.12 -1.50 -1.25 
 0.00  0.00  0.00  2.69  4.92  3.36 -0.24 -1.64 -0.25 -1.94  3.77 -0.50  2.28  1.58  1.30  7.04 -0.45  3.16  1.96  3.25 -0.35 -0.63  2.27 -0.55  1.24  1.22 -0.66  4.21  1.12  0.98 
 0.00  0.00  0.00 -0.15  2.69 -0.99  1.65  2.59  2.37  4.70  1.64 -1.87  4.10 -0.92  0.64  0.65  0.94  1.62  2.33 -0.77  3.65 -0.22  2.61  1.40 -0.11  1.86 -1.11 -1.51  5.55  2.63 

 6882 - 6887
 0.00  0.00  0.00 -0.67  4.85 -1.50 -3.43 -2.87  2.92 -1.09  0.40 -11.31 -1.30  3.15  0.27  2.14 -0.81  2.23 -2.21 -0.98  3.25  3.09  3.17  4.37  5.13 -2.49  3.29 -0.04  4.01  2.04 
 0.00  0.00  0.00 -1.61  0.44  4.25  1.12 -0.51  3.68 -0.89 -1.19 -0.25  2.84  3.65 -0.46  0.32  4.69 -0.81  4.53  2.38  1.23  4.34 -0.45  4.00  5.02 -0.10 -1.11  3.31  3.37  2.60 
 0.00  0.00  0.00  1.70  1.69  4.04  1.61  0.69 -2.70 -8.24 -0.21 -1.44  0.49  0.56  0.32  5.17 -0.20  0.91  2.45  3.19  6.44  1.00  3.58  1.76  4.41  0.65  4.68  1.27  2.13  2.39 
 0.00  0.00  0.00  1.90  2.87  2.10  2.96  2.42 -4.11  1.68  2.60  6.26  0.37  0.21  4.23 -0.43  3.73 -1.73 -0.50  2.87  1.04 -0.63  4.33 -4.12  2.35  1.21  2.39 -2.21  6.36 -1.68 
 0.00  0.00  0.00  3.80 -1.09  0.57  1.09  2.03  2.37  3.73  3.87  1.03  3.12  0.25  4.00  1.98  3.41  1.84  2.37  0.32  6.19  3.08  0.03  7.26  3.65  0.42  3.58 -2.31 -0.74 -0.80 
 0.00  0.00  0.00  0.28  2.48  1.53 -4.57 -0.25 -1.70 -2.94 -2.97  2.14  2.39 -0.69  0.91  1.91  2.02 -2.86  4.27  1.97  3.77  3.19  2.24  3.10 -0.11  0.90  2.75 -0.97 -0.30  1.10 
 0.00  0.00  0.00  1.93 -0.57  2.61  2.26  2.61  6.64  4.46 -2.41  5.31 -0.73  0.15 -0.34  2.78 -2.56 -0.98 -0.01  3.90 -0.36  3.01  2.95  1.75  1.93  1.20  3.72  1.76  0.62  2.77 
 0.00  0.00  0.00  3.55  2.44  4.66  4.56  4.45 -1.81  2.32  1.17 -0.06 -0.90 -0.16  2.41 -0.94  0.24  1.15  2.09  5.92  1.90  2.26  1.25  3.22  1.31 -0.63 -0.74  1.02  0.90  3.16 
 0.00  0.00  0.00  1.08  3.15  0.35 -0.40 -1.55 -1.90  5.22  4.30  5.84  1.53  3.96  0.42  4.58 -2.88  4.90  5.36  2.75 -0.82  3.09  0.90 -0.31 -3.03 -0.89  3.44 -1.03  0.40  3.11 
 0.00  0.00  0.00  0.56 -0.18  1.40  3.59 -0.05  0.34  0.70  3.18  1.78  1.21 -4.04  2.37 -1.91 -3.06  1.91  3.05  4.92  2.53  4.23  2.38 -2.21  0.98  3.44 -0.58 -0.36  4.77  2.29 
 0.00  0.00  0.00  3.33  6.50  2.94 -3.30  4.13 -1.30  7.78  1.17  3.53 -1.65 -0.65  1.74  1.99  2.85  2.08  2.16  1.75  5.28 -1.60 -0.64  3.92  2.88  0.66 -0.38  1.62  2.35  0.43 
 0.00  0.00  0.00  0.16  0.01  0.25  3.03  4.70 -0.66 -1.86  0.05  2.49 -2.09  4.08  1.49  3.01 -0.23  0.87  3.02 -2.60  2.94  4.46  1.79  2.33 -0.94 -0.83  1.35  3.00  0.14  1.17 
 0.00  0.00  0.00  0.68 -0.38  1.50  5.28  4.42  2.01  1.84  0.25  4.57  1.38  2.16  2.84 -0.27  2.82  4.99  0.36  1.99  3.62  2.13 -1.31  1.00  0.59  1.34 -0.77  4.00  0.81  1.50 
 0.00  0.00  0.00  0.35 -0.39  0.29  0.75  1.68  0.84  2.45  3.46  4.69  2.68  0.08  5.03  3.20 -0.72 -0.81 -0.20  2.87 -1.39 -0.30  2.77 -0.33 -1.69  0.81  6.41  1.17  3.11  0.74 
 0.00  0.00  0.00 -0.83  1.16  5.37  2.69 -0.61 -3.60 -1.21 -0.58  3.35  1.01 -1.20  4.88  1.82  4.94  1.51  1.03  1.41  3.71  4.99  3.88  1.21  2.80 -0.60  3.77  3.43 -2.23  4.13 
 0.00  0.00  0.00  2.28  4.62 -0.56  3.59  7.30 -1.74  2.79  7.33 -1.46  1.97  0.92  1.21  1.43  2.40  1.48  3.17  2.74  0.81  0.89  0.87  5.76 -0.45  4.77 -0.98  2.32 -0.22  3.27 
 0.00  0.00  0.00  2.70  2.66  2.25  0.52  3.35  1.30  2.69  0.55  1.72  0.98  2.35  1.35 -0.94  3.46  2.67  5.72  2.28  1.56  3.16 -0.80  0.28  4.95  5.32 -0.06  3.58  4.26  0.03 
 0.00  0.00  0.00  0.60 -1.57  5.15  3.22  1.09 -0.35 -0.05 -2.75  1.59  3.87  0.25  2.12  4.22  3.78 -2.10  4.34  3.15  3.14  1.58  1.96  1.85  2.16 -0.24  2.39 -2.23 -0.46  0.95 
 0.00  0.00  0.00 -2.00  1.92  4.38 -1.65  2.20 -1.94  1.84  4.72  1.13 -1.80  1.98  3.66  0.59  1.08  2.98  2.63  2.59  0.82  1.57  2.86 -0.02  2.66  2.69  3.31  1.94  0.56 -0.66 
 0.00  0.00  0.00  1.10  0.60  5.32  2.73  5.22  1.34 -1.19 -0.31  3.84  2.70  3.30  3.48 -0.43  2.48  0.71  5.08 -0.02 -0.15  3.00  2.14  4.35  2.57 -1.74  2.56  0.09  1.68  2.52 
 0.00  0.00  0.00  5.82 -3.17  4.12  2.01  1.78  4.95  2.30  1.76  2.97  0.74 -1.27 -1.34  2.78  3.17  3.17  8.61  2.51  2.78  2.59  2.18 -0.93 -0.59  3.92 -0.29  1.53 -0.45  3.27 
 0.00  0.00  0.00  0.94  1.27  0.53  2.73  2.77  1.23 -3.46  1.60  4.53  3.66  3.22 -1.17  2.32  1.21  5.58  0.52 -1.68  3.11  3.42  1.73 -0.23  1.96  2.94  0.41  0.89  3.94  2.85 
 0.00  0.00  0.00  0.80  0.86  2.83 -2.40  4.49  1.18  1.25 -2.33  2.75  0.72  2.41 -0.52  2.63  2.65  3.10  1.10 -0.93  5.29  2.32  5.77  4.25  3.37  4.84 -0.43  2.39 -2.67  0.96 
 0.00  0.00  0.00  0.35  2.59  0.14  1.89  3.82  2.78  2.09  1.21 -1.25  3.03  2.94  2.19 -4.22  1.70  2.51  4.59  1.81 -0.23  3.52  2.67  3.39  2.76  3.01 -0.51 -1.24  1.59  1.97 
 0.00  0.00  0.00  3.79  5.73 -2.24 -2.23  3.54  3.17  0.43  3.25  4.04 -1.49  3.29 -0.21  5.96 -1.87  0.39 -0.28  0.79  2.66  5.61  0.44  3.22  2.67 -2.95  2.90  6.27  0.61  0.72 
 0.00  0.00  0.00  4.46  3.80  0.64  1.60 -0.81  3.73 -1.22  4.42  0.25 -0.96  0.24  0.08  0.52 -2.80  1.17  1.65  3.34  0.40  2.98 -1.33  3.55 -0.43  0.43  4.27  0.34  1.21  2.17 
 0.00  0.00  0.00  0.36  6.05 -1.79  5.44 -0.71  2.96  1.39  0.03  3.42  2.99  2.04  2.45  3.84  1.54  1.32  2.09 -0.44  1.00  2.30  2.08  1.52  1.64 -1.91  3.85  2.38 -1.96 -0.71 
 0.00  0.00  0.00  0.21  1.10 -0.04 -2.49  2.85  0.13  4.53 -1.30  0.18  0.33  3.21  0.23  0.53  5.66  3.49 -0.34  1.88 -1.82 -0.53  3.77  5.45  3.50  1.24  6.71  3.22  2.72  1.89 
 0.00  0.00  0.00 -0.48  1.69 -2.81  2.46 -0.32  3.14  3.25  2.04 -0.99  3.49  2.45  2.72  4.12  2.14  0.26  0.07  2.50  3.58  4.47 -0.51  2.07  3.35  2.79  1.86 -0.90  5.17  0.17 
 0.00  0.00  0.00  1.03  0.67  0.65  3.14  4.03  3.52  4.82  1.90 -1.72  0.66  4.48  0.14  1.44  1.25  6.11  2.80  0.73  3.57  0.21  4.98  0.30  3.76  0.26 -0.07  1.97 -0.88  2.56 
 0.00  0.00  0.00  0.93  3.00 -0.57  3.55 -1.48  4.13 -0.91 -0.58  5.97  4.66  4.31  1.49  1.73  2.13  0.77 -0.79  0.79  5.63  3.22 -1.08  3.18  2.49 -3.17  2.76  1.92  1.73  2.63 
 0.00  0.00  0.00  3.72  2.52  0.80  1.68  0.47  0.17  2.85  0.46 -2.56 -1.21  2.10  1.92 -0.07  1.12  2.31 -0.08 -1.04  3.86  0.97  1.87  3.44 -3.62 -2.59  2.03 -0.08  0.99  4.36 
 0.00  0.00  0.00  2.91 -0.39  1.92  2.30  0.01  2.50  0.13  2.21 -0.90  3.05  2.49  2.87  1.90  1.25  3.60 -2.09  0.67 -1.25 -1.21  0.05 -0.04  0.09  1.26  3.55 -0.13  2.46 -0.59 
 0.00  0.00  0.00  1.32  1.81 -1.06 -7.81  4.50  1.42  1.53 -0.79  0.77  1.32  3.43 -1.42  1.24 -0.07  1.93  1.35  5.59  2.74  1.23  0.28  2.44  0.15 -2.36  1.45  5.83 -1.72 -1.47 
 0.00  0.00  0.00  2.39  4.67  3.15 -0.50 -1.86 -0.50 -2.20  3.49 -0.72  2.06  1.31  1.07  6.83 -0.66  2.94  1.75  3.02 -0.60 -0.88  2.08 -0.79  0.98  0.98 -0.87  3.97  0.89  0.76 
 0.00  0.00  0.00 -0.31  2.50 -1.25  1.43  2.37  2.15  4.46  1.41 -2.04  3.89 -1.14  0.40  0.45  0.80  1.38  2.14 -0.94  3.47 -0.40  2.41  1.16 -0.39  1.61 -1.28 -1.72  5.33  2.44 

 2981 - 3034
 0.00  0.00  0.00  0.00 -5.22 -7.58 -11.90 -7.76 -10.12 -8.77 -8.12 -5.27 -6.37 -6.67 -9.12 -9.89 -13.16 -6.77 -11.89 -5.75 -9.63 -7.62 -5.76 -4.82 -4.68 -7.16 -4.61 -8.15 -3.45 -5.67 
 0.00  0.00  0.00  0.00 -6.68 -7.00 -8.66 -5.52 -5.58 -9.29 -6.00 -9.17 -8.82 -6.55 -7.86 -8.27 -6.36 -5.72 -5.88 -9.92 -6.33 -2.74 -5.21 -8.63 -6.98 -8.79 -8.77 -10.15 -8.66 -6.79 
 0.00  0.00  0.00  0.00 -6.88 -5.08 -11.76 -9.88 -10.86 -8.94 -4.69 -8.37 -7.27 -5.55 -6.78 -6.87 -7.62 -8.44 -3.50 -8.76 -5.08 -9.46 -4.97 -7.03 -5.50 -7.71 -6.03 -8.23 -8.36 -5.60 
 0.00  0.00  0.00  0.00 -4.44 -4.93 -5.15 -7.79 -8.44 -8.07 -2.91 -5.62 -3.54 -4.10 -5.78 -6.16 -5.72 -9.53 -9.36 -9.22 -5.83 -8.34 -5.63 -8.16 -4.76 -5.95 -4.85 -8.92 -2.44 -10.76 
 0.00  0.00  0.00  0.00 -5.97 -6.01 -8.86 -8.63 -7.49 -5.85 -7.14 -3.81 -7.44 -4.38 -7.37 -6.29 -7.73 -5.97 -5.77 -8.63 -5.85 -4.22 -5.40 -5.67 -8.42 -5.29 -5.69 -9.52 -9.04 -8.50 
 0.00  0.00  0.00  0.00 -6.95 -5.41 -5.94 -4.84 -12.73 -11.25 -8.21 -3.58 -2.06 -5.92 -4.71 -8.53 -5.60 -10.77 -5.54 -5.30 -8.82 -7.75 -5.67 -8.52 -6.96 -8.95 -6.30 -9.66 -6.01 -7.96 
 0.00  0.00  0.00  0.00 -5.89 -9.69 -6.72 -5.33 -2.34 -8.58 -9.02 -5.81 -6.21 -7.64 -8.15 -4.93 -8.82 -6.18 -6.48 -5.31 -7.88 -7.00 -6.66 -7.44 -5.95 -5.65 -8.60 -7.92 -7.64 -5.16 
 0.00  0.00  0.00  0.00 -6.60 -5.49 -3.53 -2.25 -10.60 -7.50 -6.70 -6.78 -8.45 -4.05 -3.06 -9.01 -8.82 -6.47 -1.85 -4.15 -7.14 -5.93 -5.04 -5.49 -4.75 -8.13 -9.51 -5.40 -6.61 -7.67 
 0.00  0.00  0.00  0.00 -1.82 -6.40 -8.04 -10.14 -5.70 -4.05 -6.10 -3.25 -5.66 -4.54 -5.81 -5.44 -11.06 -3.88 -6.14 -3.06 -6.93 -8.29 -6.42 -4.94 -7.40 -6.28 -6.11 -7.72 -8.98 -6.45 
 0.00  0.00  0.00  0.00  0.00 -9.32 -8.42 -5.72 -4.62 -8.21 -8.70 -10.65 -6.47 -9.06 -5.04 -6.47 -9.31 -5.17 -8.54 -5.09 -5.28 -5.36 -6.73 -7.32 -6.51 -4.74 -9.65 -4.46 -4.14 -6.46 
 0.00  0.00  0.00  0.00 -6.19 -5.77 -7.67 -7.71 -1.26 -3.09 -7.64 -7.09 -5.90 -7.71 -7.23 -6.53 -8.11 -8.75 -9.02 -10.25 -4.84 -8.25 -5.94 -7.23 -5.74 -8.04 -7.98 -6.55 -7.15 -6.97 
 0.00  0.00  0.00  0.00  0.00 -6.83 -6.47 -5.07 -6.62 -8.04 -10.68 -7.12 -6.39 -2.19 -4.05 -4.72 -8.75 -5.54 -5.06 -10.51 -3.90 -4.87 -8.63 -6.45 -5.97 -5.00 -5.30 -9.21 -8.22 -7.39 
 0.00  0.00  0.00  0.00  0.00 -8.14 -5.57 -7.50 -6.71 -6.71 -6.57 -5.49 -6.18 -6.35 -5.95 -8.53 -6.82 -8.74 -6.07 -9.60 -5.98 -5.40 -6.40 -4.93 -4.05 -6.09 -8.64 -3.82 -6.07 -6.33 
 0.00  0.00  0.00  0.00 -8.32 -8.55 -9.18 -5.89 -8.66 -5.00 -8.35 -1.83 -5.42 -6.40 -1.01 -3.02 -9.31 -6.78 -10.82 -6.37 -9.70 -7.54 -4.83 -5.67 -6.55 -4.56 -4.87 -7.65 -5.97 -5.38 
 0.00  0.00  0.00  0.00  0.00 -4.31 -6.61 -8.99 -8.47 -6.87 -7.92 -6.60 -3.55 -10.03 -10.04 -10.09 -2.60 -8.44 -6.67 -8.09 -9.20 -8.45 -7.97 -6.46 -6.53 -7.29 -4.45 -5.59 -9.78 -3.89 
 0.00  0.00  0.00  0.00  0.00 -9.77 -6.31 -5.89 -9.92 -8.54 -6.09 -8.79 -6.77 -5.95 -4.15 -6.50 -5.41 -5.07 -9.94 -8.26 -2.75 -10.20 -6.27 -7.30 -8.78 -5.63 -8.12 -3.23 -5.82 -5.05 
 0.00  0.00  0.00  0.00  0.00 -6.01 -6.67 -9.38 -4.66 -3.16 -5.07 -6.06 -11.04 -6.10 -5.13 -8.14 -2.98 -7.10 -6.51 -7.69 -8.65 -6.31 -3.85 -5.91 -4.18 -6.37 -8.37 -5.36 -5.32 -9.37 
 0.00  0.00  0.00  0.00  0.00 -3.52 -9.55 -5.67 -9.56 -5.15 -6.74 -6.04 -5.22 -7.79 -6.29 -6.94 -8.86 -4.63 -4.87 -5.26 -7.24 -6.87 -3.57 -6.63 -6.47 -8.50 -6.27 -8.29 -7.56 -2.93 
 0.00  0.00  0.00  0.00  0.00 -4.22 -4.34 -10.09 -10.42 -9.10 -3.22 -3.32 -9.37 -7.06 -5.12 -6.03 -10.94 -8.15 -11.00 -5.39 -4.91 -5.80 -5.18 -10.29 -6.37 -5.96 -8.21 -9.00 -9.19 -5.13 
 0.00  0.00  0.00  0.00  0.00 -3.00 -7.04 -3.03 -7.41 -11.18 -6.24 -5.07 -8.89 -5.34 -7.53 -5.54 -6.29 -5.97 -3.81 -8.73 -7.93 -5.20 -6.79 -4.63 -6.64 -8.29 -5.87 -4.90 -5.04 -6.52 
 0.00  0.00  0.00  0.00  0.00 -4.76 -5.68 -9.80 -3.33 -6.80 -5.41 -4.94 -9.17 -8.20 -4.09 -5.00 -6.99 -9.23 -2.05 -5.47 -4.77 -5.72 -5.93 -9.95 -9.37  2.64 -7.88 -6.49 -6.01 -4.56 
 0.00  0.00  0.00  0.00  0.00 -7.21 -4.98 -3.85 -8.79 -5.91 -10.98 -2.05 -6.19 -8.61 -8.81 -6.45 -7.94 -6.11 -12.69 -6.72 -8.29 -6.36 -6.60 -5.16 -6.71 -5.97 -7.40 -10.12 -5.01 -4.49 
 0.00  0.00  0.00  0.00  0.00 -4.94 -8.97 -7.63 -4.81 -7.37 -7.33 -6.55 -7.96 -6.16 -5.71 -7.07 -6.07 -5.11 -5.49 -5.56 -7.00 -7.15 -1.53 -4.93 -3.98 -1.58 -7.69 -5.93 -10.90 -10.66 
 0.00  0.00  0.00  0.00  0.00 -8.83 -2.64 -4.15 -7.43 -4.84 -6.99 -5.69 -7.17 -5.66 -7.27 -5.68 -6.69 -5.61 -7.82 -10.50 -10.47 -9.31 -6.79 -5.27 -3.65 -5.64 -4.95 -10.80 -6.34 -5.38 
 0.00  0.00  0.00  0.00  0.00 -8.72 -7.57 -3.99 -9.23 -5.51 -4.41 -6.16 -6.97 -10.28 -8.73 -4.68 -10.43 -11.81 -7.65 -4.37 -5.82 -5.81 -3.65 -9.97 -4.39 -6.98 -7.87 -2.43 -7.75 -6.47 
 0.00  0.00  0.00  0.00  0.00 -6.74 -6.02 -8.73 -4.93 -6.66 -8.14 -9.50 -7.36 -5.31 -5.09 -4.07 -6.91 -8.65 -7.25 -9.72 -5.31 -10.06 -8.17 -8.21 -8.81 -8.85 -4.78 -5.88 -7.08 -3.78 
 0.00  0.00  0.00  0.00 -4.49 -8.10 -5.64 -9.31 -5.19 -10.26 -8.20 -6.57 -2.27 -7.04 -8.69 -1.56 -7.46 -7.51 -5.56 -6.22 -10.82 -5.83 -9.97 -5.44 -4.83 -6.39 -4.69 -7.15 -9.58 -6.89 
 0.00  0.00  0.00  0.00  0.00 -5.32 -5.55 -3.63 -5.81 -7.27 -5.28 -5.24 -8.89 -9.76 -8.01 -6.05 -3.53 -6.27 -5.17 -7.70 -11.20 -9.60 -10.22 -3.56 -2.80 -6.02 -2.34 -5.57 -9.85 -6.70 
 0.00  0.00  0.00  0.00 -7.13 -7.36 -6.24 -3.90 -6.08 -6.69 -7.10 -8.29 -8.11 -5.51 -5.70 -4.63 -5.67 -6.40 -5.39 -7.55 -8.57 -6.13 -9.44 -7.18 -5.03 -4.91 -7.26 -8.00 -4.25 -8.87 
 0.00  0.00  0.00  0.00 -6.22 -4.76 -5.22 -2.87 -7.42 -5.39 -6.95 -8.81 -8.73 -7.12 -5.49 -2.81 -6.00 -1.80 -7.05 -6.18 -4.45 -9.51 -2.43 -7.65 -7.90 -5.29 -6.67 -5.70 -8.23 -6.26 
 0.00  0.00  0.00  0.00 -5.92 -6.29 -8.79 -7.81 -2.27 -9.89 -8.75 -5.26 -6.15 -4.45 -6.13 -4.91 -8.60 -6.35 -9.29 -7.55 -4.98 -5.10 -7.97 -6.11 -9.55 -12.00 -7.28 -6.15 -6.80 -5.71 
 0.00  0.00  0.00  0.00 -7.16 -7.20 -10.41 -5.35 -5.65 -7.55 -5.24 -6.34 -6.98 -8.13 -6.13 -5.10 -8.56 -4.10 -7.21 -6.37 -6.62 -10.34 -6.81 -5.41 -10.93 -6.66 -5.89 -5.08 -7.87 -4.77 
 0.00  0.00  0.00  0.00 -4.53 -5.31 -3.68 -10.00 -8.72 -8.26 -6.36 -7.68 -7.69 -6.33 -5.54 -10.50 -6.15 -7.30 -9.27 -7.71 -9.52 -9.73 -6.65 -5.20 -4.96 -6.28 -4.02 -12.49 -1.76 -6.74 
 0.00  0.00  0.00  0.00 -5.23 -5.34 -3.09 -4.33 -5.40 -8.31 -7.94 -8.30 -8.53 -5.33 -7.55 -5.79 -4.87 -5.58 -5.89 -3.95 -9.60 -7.92 -6.91 -8.84 -8.06 -6.22 -5.07 -6.23 -7.15 -6.17 
 0.00  0.00  0.00  0.00 -8.56 -2.19 -8.83 -7.19 -5.07 -9.29 -6.30 -7.00 -9.18 -7.23 -7.67 -3.85 -8.40 -8.26 -4.61 -9.48 -5.29 -9.16 -5.84 -6.45 -9.90 -10.94 -10.58 -6.53 -6.77 -8.26 
 0.00  0.00  0.00  0.00 -5.85 -8.18 -5.29 -6.66 -5.63 -4.71 -4.20 -9.72 -9.48 -9.62 -9.19 -5.09 -6.29 -10.87 -5.39 -9.81 -5.32 -10.03 -7.45 -9.26 -9.33 -6.44 -8.59 -8.75 -6.01 -6.05 

 3060 - 3069
 0.00  0.00  0.00  0.00 -1.13 -3.50 -7.83 -3.67 -6.04 -4.69 -4.04 -1.20 -2.29 -2.59 -5.04 -5.81 -9.10 -2.71 -7.82 -1.69 -5.58 -3.58 -1.68 -0.76 -0.65 -3.11 -0.66 -4.06  0.66 -1.55 
 0.00  0.00  0.00  0.00 -2.56 -2.91 -4.58 -1.44 -1.48 -5.21 -1.91 -5.08 -4.74 -2.46 -3.78 -4.19 -2.27 -1.64 -1.82 -5.83 -2.25  1.35 -1.13 -4.56 -2.92 -4.73 -4.67 -6.06 -4.56 -2.71 
 0.00  0.00  0.00  0.00 -2.75 -0.99 -7.69 -5.80 -6.78 -4.85 -0.59 -4.28 -3.20 -1.44 -2.68 -2.78 -3.53 -4.36  0.59 -4.67 -0.98 -5.37 -0.88 -2.93 -1.41 -3.63 -1.94 -4.14 -4.28 -1.48 
 0.00  0.00  0.00  0.00 -0.29 -0.86 -1.07 -3.71 -4.35 -3.98  1.17 -1.54  0.55 -0.02 -1.69 -2.08 -1.62 -5.44 -5.26 -5.12 -1.74 -4.24 -1.54 -4.06 -0.67 -1.86 -0.76 -4.81  1.65 -6.66 
 0.00  0.00  0.00  0.00 -1.93 -1.92 -4.78 -4.55 -3.40 -1.76 -3.05  0.28 -3.35 -0.29 -3.28 -2.20 -3.64 -1.89 -1.68 -4.53 -1.76 -0.12 -1.31 -1.58 -4.33 -1.19 -1.59 -5.43 -4.94 -4.39 
 0.00  0.00  0.00  0.00 -3.71 -1.32 -1.88 -0.78 -8.65 -7.18 -4.12  0.51  2.02 -1.83 -0.62 -4.45 -1.50 -6.67 -1.44 -1.22 -4.73 -3.65 -1.58 -4.44 -2.87 -4.85 -2.21 -5.56 -1.91 -3.85 
 0.00  0.00  0.00  0.00 -1.83 -5.61 -2.65 -1.25  1.72 -4.49 -4.93 -1.73 -2.12 -3.55 -4.07 -0.85 -4.74 -2.10 -2.39 -1.20 -3.79 -2.91 -2.58 -3.37 -1.86 -1.57 -4.50 -3.83 -3.55 -1.07 
 0.00  0.00  0.00  0.00 -2.53 -1.41  0.54  1.83 -6.52 -3.41 -2.63 -2.70 -4.37  0.05  1.02 -4.93 -4.74 -2.38  2.24 -0.07 -3.06 -1.85 -0.96 -1.40 -0.66 -4.05 -5.42 -1.32 -2.52 -3.59 
 0.00  0.00  0.00  0.00  1.39 -2.31 -3.98 -6.07 -1.64  0.03 -2.02  0.84 -1.62 -0.46 -1.74 -1.37 -6.97  0.21 -2.07  1.02 -2.84 -4.20 -2.33 -0.87 -3.32 -2.19 -2.00 -3.62 -4.89 -2.37 
 0.00  0.00  0.00  0.00  0.00 -5.27 -4.36 -1.66 -0.55 -4.16 -4.63 -6.58 -2.39 -4.98 -0.97 -2.40 -5.23 -1.09 -4.48 -1.01 -1.19 -1.28 -2.63 -3.24 -2.43 -0.65 -5.57 -0.38 -0.07 -2.37 
 0.00  0.00  0.00  0.00  0.00 -1.70 -3.60 -3.64  2.80  1.00 -3.57 -3.01 -1.81 -3.63 -3.16 -2.46 -4.02 -4.67 -4.94 -6.17 -0.77 -4.18 -1.86 -3.16 -1.65 -3.97 -3.89 -2.48 -3.06 -2.87 
 0.00  0.00  0.00  0.00  0.00 -2.78 -2.42 -1.00 -2.56 -3.97 -6.63 -3.04 -2.31  1.89  0.03 -0.65 -4.67 -1.48 -0.98 -6.43  0.18 -0.79 -4.55 -2.38 -1.90 -0.93 -1.21 -5.11 -4.13 -3.30 
 0.00  0.00  0.00  0.00  0.00 -4.09 -1.52 -3.44 -2.63 -2.63 -2.51 -1.42 -2.12 -2.28 -1.88 -4.45 -2.74 -4.66 -1.99 -5.52 -1.91 -1.30 -2.31 -0.84  0.04 -2.02 -4.57  0.28 -1.98 -2.23 
 0.00  0.00  0.00  0.00  0.00 -4.50 -5.12 -1.84 -4.60 -0.93 -4.29  2.26 -1.35 -2.33  3.07  1.06 -5.23 -2.70 -6.74 -2.30 -5.62 -3.46 -0.75 -1.58 -2.47 -0.48 -0.78 -3.56 -1.90 -1.29 
 0.00  0.00  0.00  0.00  0.00 -1.01 -2.55 -4.92 -4.40 -2.80 -3.86 -2.53  0.50 -5.96 -5.98 -6.03  1.48 -4.35 -2.60 -4.01 -5.13 -4.37 -3.89 -2.37 -2.46 -3.20 -0.35 -1.49 -5.71  0.20 
 0.00  0.00  0.00  0.00  0.00 -5.69 -2.57 -1.83 -5.84 -4.48 -2.03 -4.72 -2.69 -1.88 -0.06 -2.43 -1.33 -0.99 -5.86 -4.17  1.33 -6.11 -2.19 -3.23 -4.69 -1.54 -4.02  0.85 -1.73 -0.97 
 0.00  0.00  0.00  0.00  0.00 -1.96 -2.62 -5.33 -0.58  0.92 -1.00 -1.99 -6.97 -2.03 -1.07 -4.08  1.09 -3.03 -2.44 -3.62 -4.57 -2.24  0.23 -1.82 -0.10 -2.29 -4.29 -1.25 -1.24 -5.28 
 0.00  0.00  0.00  0.00  0.00  0.53  0.00 -1.61 -5.50 -1.09 -2.67 -1.95 -1.15 -3.71 -2.21 -2.86 -4.80 -0.56 -0.81 -1.18 -3.17 -2.80  0.51 -2.55 -2.40 -4.42 -2.19 -4.19 -3.48  1.15 
 0.00  0.00  0.00  0.00  0.00 -0.16 -0.30 -6.88 -6.35 -5.04  0.85  0.75 -5.30 -2.97 -1.04 -1.96 -6.88 -3.97 -6.93 -1.32 -0.83 -1.72 -1.10 -6.22 -2.30 -1.88 -4.14 -4.94 -5.10 -1.04 
 0.00  0.00  0.00  0.00  0.00  1.05 -2.99  1.03 -3.33 -7.13 -2.17 -1.00 -4.81 -1.23 -3.47 -1.48 -2.21 -1.90  0.26 -4.67 -3.85 -1.14 -2.71 -0.55 -2.58 -4.22 -1.80 -0.81 -0.97 -2.42 
 0.00  0.00  0.00  0.00  0.00  0.00 -2.39 -5.73  0.74 -2.74 -1.34 -0.87 -5.10 -4.03 -0.03 -0.93 -2.92 -5.16  2.03 -1.41 -0.70 -1.64 -1.91 -5.88 -5.32  6.73 -3.80 -2.40 -1.92 -0.46 
 0.00  0.00  0.00  0.00  0.00  0.00 -0.93  0.20 -4.73 -1.84 -6.91  2.02 -2.13 -4.53 -4.75 -2.37 -3.87 -2.05 -8.61 -2.65 -4.18 -2.28 -2.52 -1.08 -2.64 -1.90 -3.32 -6.02 -0.92 -0.41 
 0.00  0.00  0.00  0.00  0.00 -0.91 -5.66 -3.56 -0.76 -3.31 -3.26 -2.48 -3.90 -2.06 -1.65 -3.00 -1.99 -1.02 -1.42 -1.49 -2.91 -3.07  2.54 -0.85  0.10  2.51 -3.61 -1.86 -6.82 -6.60 
 0.00  0.00  0.00  0.00  0.00 -4.78  1.42 -0.09 -3.36 -0.77 -2.94 -1.63 -3.12 -1.60 -3.21 -1.61 -2.62 -1.53 -3.75 -6.43 -6.39 -5.23 -2.72 -1.21  0.44 -1.55 -0.86 -6.71 -2.26 -1.30 
 0.00  0.00  0.00  0.00  0.00 -4.66 -3.51  0.07 -5.17 -1.45 -0.33 -2.09 -2.90 -6.20 -4.65 -0.61 -6.36 -7.74 -3.56 -0.30 -1.73 -1.73  0.44 -5.89 -0.30 -2.89 -3.79  1.67 -3.66 -2.37 
 0.00  0.00  0.00  0.00  0.00 -3.48 -1.95 -4.67 -0.86 -2.59 -4.07 -5.42 -3.29 -1.24 -1.01 -0.00 -2.84 -4.58 -3.17 -5.65 -1.24 -5.96 -4.08 -4.13 -4.73 -4.76 -0.69 -1.80 -2.99  0.32 
 0.00  0.00  0.00  0.00  0.00 -4.02 -1.59 -5.25 -1.12 -6.19 -4.12 -2.50  1.80 -2.96 -4.61  2.51 -3.39 -3.43 -1.48 -2.14 -6.74 -1.75 -5.88 -1.36 -0.75 -2.31 -0.61 -3.06 -5.50 -2.81 
 0.00  0.00  0.00  0.00  0.00 -1.50 -1.49  0.43 -1.75 -3.20 -1.21 -1.16 -4.82 -5.68 -3.91 -1.97  0.55 -2.19 -1.09 -3.62 -7.12 -5.52 -6.14  0.53  1.29 -1.94  1.74 -1.49 -5.74 -2.60 
 0.00  0.00  0.00  0.00 -3.04 -3.27 -2.17  0.16 -2.00 -2.61 -3.02 -4.20 -4.03 -1.45 -1.63 -0.55 -1.61 -2.33 -1.30 -3.47 -4.48 -2.05 -5.37 -3.10 -0.95 -0.82 -3.18 -3.90 -0.16 -4.79 
 0.00  0.00  0.00  0.00 -2.10 -0.69 -1.16  1.21 -3.35 -1.31 -2.86 -4.73 -4.64 -3.05 -1.41  1.26 -1.93  2.29 -2.95 -2.10 -0.36 -5.41  1.67 -3.56 -3.82 -1.22 -2.57 -1.61 -4.14 -2.15 
 0.00  0.00  0.00  0.00  0.00 -2.20 -4.72 -3.74  1.81 -5.81 -4.67 -1.17 -2.07 -0.37 -2.03 -0.82 -4.51 -2.28 -5.21 -3.47 -0.89 -1.02 -3.89 -2.03 -5.47 -7.91 -3.20 -2.06 -2.73 -1.62 
 0.00  0.00  0.00  0.00 -3.95 -3.15 -6.33 -1.27 -1.57 -3.47 -1.15 -2.26 -2.91 -4.07 -2.04 -1.01 -4.48 -0.04 -3.13 -2.29 -2.55 -6.26 -2.73 -1.33 -6.84 -2.57 -1.79 -1.00 -3.78 -0.69 
 0.00  0.00  0.00  0.00 -0.44 -1.24  0.39 -5.93 -4.65 -4.17 -2.28 -3.59 -3.59 -2.26 -1.47 -6.42 -2.07 -3.23 -5.19 -3.63 -5.42 -5.64 -2.54 -1.11 -0.88 -2.19  0.07 -8.40  2.33 -2.64 
 0.00  0.00  0.00  0.00 -1.16 -1.26  1.00 -0.25 -1.30 -4.22 -3.85 -4.21 -4.44 -1.22 -3.47 -1.68 -0.77 -1.49 -1.80  0.14 -5.51 -3.84 -2.81 -4.74 -3.97 -2.11 -0.98 -2.12 -3.05 -2.09 
 0.00  0.00  0.00  0.00 -4.47  1.87 -4.76 -3.11 -0.98 -5.20 -2.21 -2.93 -5.10 -3.16 -3.60  0.24 -4.33 -4.17 -0.55 -5.40 -1.20 -5.09 -1.77 -2.39 -5.82 -6.85 -6.48 -2.44 -2.68 -4.19 
 0.00  0.00  0.00  0.00 -1.83 -4.05 -1.18 -2.57 -1.58 -0.63 -0.11 -5.63 -5.39 -5.58 -5.12 -1.05 -2.23 -6.82 -1.33 -5.74 -1.29 -6.00 -3.44 -5.26 -5.27 -2.34 -4.53 -4.67 -1.92 -1.94 

 3070 - 3113
 0.00  0.00  0.00  0.00 -1.05 -3.46 -7.80 -3.67 -6.02 -4.65 -4.02 -1.17 -2.27 -2.59 -5.01 -6.08 -9.06 -2.68 -7.81 -1.64 -5.52 -3.52 -1.64 -0.73 -0.61 -3.10 -0.73 -4.05  0.65 -1.55 
 0.00  0.00  0.00  0.00 -2.57 -2.89 -4.57 -1.43 -1.48 -5.20 -1.90 -5.07 -4.73 -2.45 -3.76 -4.17 -2.26 -1.62 -1.78 -5.81 -2.23  1.37 -1.11 -4.54 -2.90 -4.71 -4.67 -6.05 -4.55 -2.69 
 0.00  0.00  0.00  0.00 -2.77 -0.98 -7.69 -5.78 -6.78 -4.85 -0.58 -4.27 -3.19 -1.45 -2.68 -2.77 -3.54 -4.34  0.60 -4.67 -0.97 -5.36 -0.87 -2.91 -1.42 -3.61 -1.93 -4.12 -4.26 -1.47 
 0.00  0.00  0.00  0.00 -0.31 -0.84 -1.05 -3.69 -4.34 -3.97  1.18 -1.53  0.56 -0.01 -1.69 -2.08 -1.61 -5.43 -5.26 -5.11 -1.73 -4.23 -1.54 -4.05 -0.67 -1.86 -0.75 -4.82  1.66 -6.78 
 0.00  0.00  0.00  0.00 -1.86 -1.92 -4.77 -4.55 -3.39 -1.76 -3.04  0.29 -3.34 -0.28 -3.28 -2.19 -3.64 -1.88 -1.68 -4.52 -1.76 -0.11 -1.30 -1.57 -4.32 -1.19 -1.59 -5.41 -4.92 -4.39 
 0.00  0.00  0.00  0.00 -3.74 -1.17 -1.87 -0.76 -8.64 -7.16 -4.12  0.51  2.03 -1.81 -0.61 -4.44 -1.50 -6.67 -1.45 -1.21 -4.72 -3.65 -1.57 -4.43 -2.87 -5.67 -2.21 -5.54 -1.90 -3.84 
 0.00  0.00  0.00  0.00 -2.39 -5.63 -2.65 -1.25  1.74 -4.49 -4.93 -1.73 -2.12 -3.54 -4.09 -0.84 -4.74 -2.10 -2.38 -1.19 -3.78 -2.90 -2.56 -3.36 -1.85 -1.56 -4.48 -3.82 -3.55 -1.05 
 0.00  0.00  0.00  0.00 -2.55 -1.28  0.55  1.84 -6.51 -3.41 -2.62 -2.69 -4.37  0.02  1.03 -4.92 -4.74 -2.38  2.25 -0.07 -3.05 -1.83 -0.97 -1.39 -0.66 -4.04 -5.41 -1.32 -2.52 -4.15 
 0.00  0.00  0.00  0.00  1.35 -2.32 -3.97 -6.07 -1.64  0.04 -2.02  0.85 -1.56 -0.45 -1.72 -1.35 -6.97  0.21 -2.05  1.03 -2.84 -4.21 -2.33 -0.85 -3.31 -2.19 -2.00 -3.62 -4.89 -2.35 
 0.00  0.00  0.00  0.00  0.00 -5.17 -4.35 -1.65 -0.55 -4.15 -4.63 -6.57 -2.39 -4.97 -0.95 -2.39 -5.21 -1.09 -4.51 -1.01 -1.19 -1.27 -2.63 -3.24 -2.41 -0.65 -5.55 -0.37 -0.06 -2.36 
 0.00  0.00  0.00  0.00  0.00 -1.41 -3.61 -3.65  2.81  0.94 -3.56 -3.00 -1.82 -3.62 -3.16 -2.45 -4.01 -4.67 -4.92 -6.16 -0.77 -4.17 -1.85 -3.15 -1.65 -3.95 -3.87 -2.46 -3.06 -2.87 
 0.00  0.00  0.00  0.00  0.00 -2.77 -2.41 -0.99 -2.55 -3.96 -6.58 -3.04 -2.31  1.88  0.02 -0.64 -4.66 -1.47 -0.96 -6.42  0.19 -0.78 -4.55 -2.38 -1.89 -0.92 -1.19 -5.10 -4.13 -3.28 
 0.00  0.00  0.00  0.00  0.00 -4.08 -1.52 -3.43 -2.63 -2.62 -2.50 -1.40 -2.11 -2.29 -1.88 -4.44 -2.73 -4.66 -1.97 -5.51 -1.90 -1.31 -2.31 -0.85  0.05 -2.01 -4.55  0.27 -1.98 -2.22 
 0.00  0.00  0.00  0.00  0.00 -4.49 -5.12 -1.83 -4.59 -0.93 -4.28  1.23 -1.35 -2.34  3.08  1.06 -5.23 -2.69 -6.73 -2.29 -5.61 -3.46 -0.73 -1.58 -2.46 -0.46 -0.78 -3.55 -1.89 -1.29 
 0.00  0.00  0.00  0.00  0.00 -0.43 -2.56 -4.92 -4.40 -2.80 -3.85 -2.51  0.52 -5.95 -5.97 -6.01  1.48 -4.36 -2.59 -4.01 -5.13 -4.37 -3.88 -2.35 -2.45 -3.18 -0.34 -1.47 -5.70  0.21 
 0.00  0.00  0.00  0.00  0.00 -6.10 -2.50 -1.82 -5.83 -4.48 -2.02 -4.71 -2.70 -1.88 -0.07 -2.42 -1.32 -0.99 -5.86 -4.16  1.34 -6.10 -2.18 -3.22 -4.68 -1.53 -3.97  0.86 -1.72 -0.96 
 0.00  0.00  0.00  0.00  0.00 -1.94 -2.62 -5.31 -0.58  0.93 -1.00 -1.99 -6.97 -2.02 -1.05 -4.07  1.10 -3.02 -2.43 -3.61 -4.56 -2.23  0.25 -1.81 -0.09 -2.28 -4.28 -1.26 -1.23 -5.27 
 0.00  0.00  0.00  0.00  0.00  0.55 -5.36 -1.78 -5.49 -1.09 -2.67 -1.94 -1.15 -3.71 -2.21 -2.85 -4.78 -0.55 -0.80 -1.17 -3.15 -2.78  0.52 -2.55 -2.40 -4.41 -2.17 -4.19 -3.47  1.16 
 0.00  0.00  0.00  0.00  0.00 -0.17 -0.29 -6.40 -6.35 -5.04  0.85  0.76 -5.30 -2.97 -1.02 -1.95 -6.89 -4.06 -6.93 -1.31 -0.83 -1.71 -1.09 -6.21 -2.29 -1.87 -4.12 -4.93 -5.10 -1.02 
 0.00  0.00  0.00  0.00  0.00  1.06 -3.45  1.05 -3.32 -7.12 -2.17 -0.99 -4.81 -1.22 -3.46 -1.47 -2.21 -1.89  0.26 -4.66 -3.85 -1.12 -2.70 -0.54 -2.56 -4.19 -1.78 -0.81 -0.97 -2.41 
 0.00  0.00  0.00  0.00  0.00  0.27 -1.36 -5.72  0.75 -2.73 -1.34 -0.86 -5.09 -4.19 -0.02 -0.93 -2.91 -5.15  2.05 -1.40 -0.68 -1.63 -1.79 -5.86 -5.31  6.73 -3.77 -2.41 -1.92 -0.44 
 0.00  0.00  0.00  0.00  0.00 -2.15 -0.93  0.21 -4.70 -1.83 -6.90  2.03 -2.12 -4.52 -4.73 -2.38 -3.86 -2.04 -8.61 -2.64 -4.18 -2.27 -2.51 -1.08 -2.64 -1.89 -3.31 -6.03 -0.92 -0.41 
 0.00  0.00  0.00  0.00  0.00 -0.92 -5.41 -3.56 -0.74 -3.30 -3.25 -2.47 -3.88 -2.05 -1.63 -2.99 -1.97 -1.02 -1.41 -1.49 -2.91 -3.07  2.56 -0.84  0.11  2.52 -3.60 -1.85 -6.82 -6.57 
 0.00  0.00  0.00  0.00  0.00 -4.75  1.43 -0.09 -3.35 -0.76 -2.92 -1.62 -3.11 -1.59 -3.20 -1.59 -2.62 -1.52 -3.75 -6.43 -6.38 -5.23 -2.71 -1.19  0.45 -1.54 -0.84 -6.71 -2.25 -1.28 
 0.00  0.00  0.00  0.00  0.00 -4.96 -3.50  0.08 -5.16 -1.44 -0.31 -2.08 -2.89 -6.19 -4.65 -0.60 -6.34 -7.72 -3.52 -0.29 -1.71 -1.72  0.45 -5.88 -0.30 -2.88 -3.79  1.67 -3.65 -2.35 
 0.00  0.00  0.00  0.00  0.00 -3.57 -1.94 -4.66 -0.88 -2.58 -4.07 -5.42 -3.27 -1.23 -1.01  0.01 -2.84 -4.57 -3.16 -5.63 -1.23 -5.95 -4.16 -4.11 -4.71 -4.76 -0.69 -1.79 -2.98  0.32 
 0.00  0.00  0.00  0.00  0.00 -3.90 -1.58 -5.24 -1.12 -6.19 -4.13 -2.50  1.81 -2.95 -4.60  2.53 -3.37 -3.42 -1.47 -2.12 -6.72 -1.75 -5.87 -1.34 -0.74 -2.30 -0.59 -3.05 -5.48 -2.80 
 0.00  0.00  0.00  0.00  0.00 -1.26 -1.48  0.45 -1.74 -3.20 -1.21 -1.15 -4.80 -5.64 -3.89 -1.96  0.56 -2.19 -1.09 -3.62 -7.10 -5.51 -6.13  0.54  1.30 -1.93  1.75 -1.48 -5.74 -2.59 
 0.00  0.00  0.00  0.00 -2.98 -3.61 -2.16  0.18 -2.00 -2.61 -3.03 -4.20 -4.02 -1.43 -1.62 -0.54 -1.62 -2.33 -1.30 -3.46 -4.47 -2.05 -5.36 -3.08 -0.93 -0.81 -3.16 -3.90 -0.14 -4.77 
 0.00  0.00  0.00  0.00 -2.78 -0.80 -1.15  1.21 -3.34 -1.30 -2.86 -4.72 -4.62 -3.04 -1.40  1.27 -1.91  2.29 -2.96 -2.09 -0.36 -5.40  1.67 -3.55 -3.82 -1.20 -2.56 -1.58 -4.10 -2.14 
 0.00  0.00  0.00  0.00  0.00 -2.20 -4.72 -3.73  1.82 -5.80 -4.66 -1.16 -2.06 -0.36 -2.09 -0.80 -4.49 -2.27 -5.19 -3.47 -0.88 -1.00 -3.89 -2.02 -5.45 -7.12 -3.19 -2.05 -2.71 -1.61 
 0.00  0.00  0.00  0.00  0.00 -3.12 -6.33 -1.26 -1.56 -3.46 -1.14 -2.26 -2.90 -4.06 -2.03 -1.00 -4.46 -0.01 -3.11 -2.29 -2.53 -6.24 -2.72 -1.33 -6.83 -2.56 -1.78 -0.97 -3.76 -0.68 
 0.00  0.00  0.00  0.00 -0.41 -1.23  0.40 -5.92 -4.64 -4.18 -2.26 -3.59 -3.59 -2.25 -1.46 -6.42 -2.07 -3.21 -5.18 -3.62 -5.41 -5.63 -2.54 -1.11 -0.87 -2.17  0.07 -8.39  2.34 -2.64 
 0.00  0.00  0.00  0.00 -1.09 -1.24  1.00 -0.24 -1.30 -4.23 -3.85 -4.21 -4.44 -1.21 -3.46 -1.69 -0.77 -1.50 -1.80  0.14 -5.51 -3.83 -2.81 -4.74 -3.98 -2.11 -0.97 -2.12 -3.05 -2.06 
 0.00  0.00  0.00  0.00 -5.04  1.90 -4.74 -3.09 -0.97 -5.19 -2.20 -2.92 -5.09 -3.16 -3.59  0.24 -4.31 -4.18 -0.54 -5.40 -1.20 -5.08 -1.78 -2.38 -5.82 -6.86 -6.48 -2.44 -2.66 -4.18 
 0.00  0.00  0.00  0.00 -2.42 -4.06 -1.17 -2.56 -1.53 -0.61 -0.07 -5.61 -5.41 -5.55 -5.11 -1.00 -2.21 -6.79 -1.30 -5.72 -1.24 -5.98 -3.40 -5.20 -5.25 -2.35 -4.50 -4.66 -1.91 -1.94 

 5240 - 5274
 0.00  0.20 -0.25 -3.35  1.99 -7.52 -1.95 -6.82 -2.86 -3.55 -2.15  0.21 -1.39 -0.27 -0.95 -0.82 -3.34  2.29 -3.44 -4.49 -3.76 -0.76  0.55  1.08  0.94 -3.83 -0.61 -1.29  0.00 -1.31 
 0.00 -0.06  0.39 -5.56 -3.94 -5.34 -5.42  2.67  0.72 -3.36  1.74 -2.41  1.44  1.27 -4.65 -0.35 -4.44  2.29 -1.13 -3.72 -2.28  1.84 -0.68 -1.17 -1.29 -0.30 -4.48 -1.75 -1.53  2.32 
 0.00 -2.90  3.55 -1.25 -6.14  2.03  2.17 -2.57 -6.05 -3.76 -0.41 -0.60  0.31 -1.51  1.55  0.37 -4.07 -3.85  0.40 -0.60 -0.24 -3.87 -0.00 -1.63  1.78  1.39 -2.49  0.56 -0.40 -1.56 
 0.00 -1.51 -0.04  2.56 -8.70  0.37 -1.13 -0.02 -2.08 -0.49  3.39  0.31 -0.32 -2.07 -4.23 -5.93 -0.48 -4.89 -5.03  0.38 -2.02 -0.46 -1.79  0.11 -1.87 -1.41 -1.46 -1.73 -2.52 -0.71 
 0.00 -3.56 -1.79 -0.57 -0.99  0.85 -2.34 -1.03 -3.06  0.42 -1.12  0.50  2.90 -1.55 -0.58 -3.89  1.70 -0.37 -1.27 -4.14 -4.50 -0.37 -1.79 -0.22 -0.25 -0.12  2.96 -4.05 -2.40 -1.23 
 1.85 -1.09  1.06 -1.88 -1.71 -1.81  1.30 -2.57 -7.26 -4.01 -3.56  1.16  4.86 -0.83  0.35 -2.42 -4.91 -4.00 -1.89 -2.72 -0.01 -1.00 -4.73 -1.40 -2.50 -0.33  1.31 -0.86 -0.15  1.38 
 12.43 -1.06 -0.33 -2.90 -6.88 -0.86  2.49 -0.44  2.46 -2.29 -3.62 -1.11 -1.05 -0.98  0.15 -1.74 -2.94 -2.25 -2.07  2.32 -1.43  0.51 -0.64 -1.49  1.14 -1.11 -1.23 -0.19 -0.85 -0.82 
 0.00 -1.88 -0.84  3.73 -1.10  2.08 -1.08  1.23 -1.80 -0.57 -5.44 -2.77 -1.76 -1.80  2.00 -2.50 -3.46 -1.92  2.41 -1.37 -0.59 -1.88 -0.12 -0.82 -0.39  0.39 -0.70 -0.33  0.65 -2.09 
 0.00  0.00 -0.95 -0.06  0.77  1.28 -0.06 -1.98 -0.74  0.82 -3.00 -0.86 -4.78  0.51 -4.83  0.64 -5.70  0.61  1.46 -1.69 -2.76 -0.79 -3.85 -1.05 -3.88 -1.74  1.84 -2.73 -1.73  0.87 
 0.00  0.00  0.00 -0.41  1.03  0.73  0.38 -0.66  3.72  0.15 -1.82 -2.04 -1.96  3.03 -1.66 -2.35 -3.22 -2.52 -1.54 -0.46 -0.43 -0.51  0.96 -5.13 -3.11  2.23 -0.28 -0.75 -0.13  1.21 
 0.00  0.00  0.00  0.45  0.86  0.16 -5.72 -0.89 -1.82  2.66 -3.61 -0.18 -2.01  0.16  0.03 -2.55 -1.20 -2.27  2.08 -2.71 -0.18 -0.14 -2.08  0.31 -2.25  0.51 -0.69 -1.17 -1.51 -1.02 
 0.00  0.00 -1.63 -3.03  0.07 -4.53  1.36 -1.55 -3.02 -1.51 -2.83 -1.66 -2.82  0.44 -2.79  0.46 -3.86  1.04 -0.94 -5.30  0.36 -1.00 -0.28 -1.38 -1.21 -1.06 -2.18 -1.72  0.06 -2.69 
 0.00  0.00  0.00  0.62 -1.86 -0.63 -0.40 -2.99  1.48  0.79 -1.25 -0.76 -1.38 -0.97  0.25 -1.53 -2.26 -0.45  4.26 -0.25 -0.80 -0.84 -2.19  3.27 -0.28 -1.97 -0.59 -0.23  0.30  1.35 
 0.00  0.00  0.10 -3.48  2.08  1.81 -1.36  2.43 -2.85  0.06  3.80  2.42 -0.93 -1.05 -0.24 -1.00 -1.24 -3.20  0.48 -1.66 -2.64 -0.08  0.45 -0.70 -1.36 -0.64 -1.50 -1.16 -0.77 -0.62 
 0.00  0.00 -3.74 -1.08 -3.75  1.98  2.28 -1.29 -4.84 -0.65 -1.18 -0.19  1.02 -5.62  3.62 -2.21  0.18 -2.43 -5.08 -2.77 -1.14  0.75 -0.26 -2.75  2.16 -4.84  2.72 -0.24 -5.34 -0.72 
 0.00  0.00  0.00 -3.50  0.20 -4.25 -2.01  2.78 -4.54 -1.60  2.28 -2.98  1.47 -3.72 -3.23  0.84  1.51 -1.81 -0.24 -0.53  0.59 -4.41 -0.50  1.47 -0.55  0.08 -3.42  2.01 -3.82  3.04 
 0.00  0.00  0.00 -1.73 -1.91 -0.68 -2.10 -0.64 -0.29 -0.71  0.19 -2.54 -2.27 -1.43  1.04 -3.49 -0.22 -0.81 -0.79 -1.90 -1.52  0.16 -1.85  0.09 -1.89 -0.31 -3.62 -0.49  0.28 -0.58 
 0.00  0.00  0.00 -1.61 -3.63  3.05 -1.45 -1.50 -1.06 -2.02 -1.20 -1.74 -0.91 -4.74 -0.12 -1.03 -0.59  1.55  0.81  0.32 -0.28 -3.16  1.85 -1.41 -0.71 -1.91 -3.65 -3.59 -1.44  2.05 
 0.00  0.00 -1.86 -4.51 -0.64  2.92  0.29 -2.43 -2.17 -2.60  0.67  2.44 -2.12 -1.75 -0.34 -1.77 -5.20  1.13  0.29 -0.50 -0.56  2.01 -0.79 -1.59  0.07 -1.40 -5.54 -2.47  0.34  2.50 
 0.00  0.00  0.00 -2.84  0.04  0.54  0.99 -0.09 -1.68 -5.73 -0.97 -1.10 -2.43 -3.88 -2.45  0.12 -2.91  0.35 -0.46 -0.85 -2.75 -0.67  1.88 -0.19 -2.17 -1.09 -1.88 -1.26 -0.13 -3.05 
 0.00  0.00  0.00  0.00 -4.82  3.05 -1.75 -1.15  1.36 -2.10 -2.37 -1.48 -2.83 -7.09 -1.63 -4.51  2.80 -1.83  3.59 -0.82  0.32 -0.80  1.75 -1.60 -2.93  0.45  1.25 -1.68  1.64 -0.28 
 0.00  0.00 -4.75  0.00 -2.83 -1.42 -1.76  0.32 -2.48 -5.07 -3.07  0.11 -1.75 -4.98 -5.08 -0.87  0.77 -0.37 -4.47 -3.82 -1.28 -1.48 -0.53 -0.91  1.68 -0.53 -0.94 -1.96 -1.09 -1.45 
 0.00  0.00 -4.87 -1.92 -2.23 -1.08 -2.99  1.37 -0.14 -1.03 -3.46 -1.69 -4.51 -0.12 -1.51 -0.76  3.30 -0.91  1.53 -1.34 -0.06  1.25  2.86  0.22  0.61  1.63 -4.09  0.16 -2.50 -1.25 
 0.00  0.00 -3.31 -9.69  0.21  1.02  1.66 -1.35 -0.58 -0.76 -0.79  0.81 -0.23  1.07 -0.40 -2.65  1.91 -1.69 -1.36 -1.37 -3.14 -0.45 -1.78 -0.37  1.51  1.38 -3.49 -5.10 -3.15 -2.89 
 0.00  0.00 -4.06  1.03  0.70 -1.90 -2.78  2.94 -0.18 -1.12 -1.44 -3.36 -3.46 -2.66 -0.76  2.67 -2.10 -3.09 -1.69 -3.05 -1.37  2.70  0.59 -1.81  2.40 -4.43 -1.82  3.49  0.61  0.00 
 0.00  0.00  0.00  0.81 -0.65 -3.26  2.01 -0.76 -0.17 -1.35  0.32 -0.67 -0.77  0.22 -2.43  0.91 -2.37 -2.28  4.24 -4.00  0.03 -2.89 -4.95 -0.29 -0.22 -2.98  0.26 -1.08 -2.23  1.65 
 0.00  0.00  2.78 -1.94  2.18 -2.33  3.31 -2.05 -0.70 -2.78 -3.04 -2.35  2.49  0.35 -2.79  1.15 -2.58 -3.31  1.05 -2.20 -5.94 -0.94 -3.28 -1.28  1.35 -0.01 -1.88 -0.39 -1.17 -2.28 
 0.00  0.00  0.00 -1.61 -3.35  0.13 -3.94  2.79 -1.09 -1.27 -0.16  0.62 -0.44 -0.59 -4.04 -3.31  1.00  0.94 -2.59 -1.52 -0.83 -2.80 -4.03  1.73  1.68 -1.24  3.47  0.35 -0.05  0.81 
 0.00  0.00 -3.37 -1.22  0.02 -3.56 -2.15 -0.22 -1.32  0.25 -1.36 -2.53 -0.49 -1.59  1.47  1.18 -0.62 -2.82 -0.57 -2.63 -0.71  2.02 -2.55  1.16  0.13 -2.24 -2.77 -1.13  0.97 -0.77 
 0.00  0.00 -0.13 -0.35  0.78 -3.71 -0.10  1.78 -0.21 -0.29 -1.39 -4.49 -1.89  0.07 -2.94  3.15 -1.10  3.20 -0.44 -1.06  0.19 -1.01 -0.54 -1.17 -1.04 -0.91 -2.32  2.36 -1.34 -0.76 
 0.00  0.00 -2.36 -1.06 -1.06 -4.61  3.84 -3.44  3.47 -4.57 -5.69  4.04 -2.31 -3.42 -10.62  0.57 -1.37 -1.25 -1.41  2.05  2.12 -1.57 -3.71 -3.59 -0.53 -0.76 -2.12 -1.65 -1.26 -2.05 
-29.69 -4.21 -3.54  0.11  0.04 -0.01 -1.77  3.82 -1.66 -0.57  0.49 -0.63 -0.96  0.00 -1.06 -3.19 -0.96  0.45 -1.20  0.26  0.82 -0.74 -0.71 -0.41 -2.69 -1.86 -2.62 -0.95 -3.55  2.42 
 6.12 -0.66 -0.04 -0.22 -3.81  0.18  1.85 -0.09 -0.13 -3.42  2.24 -0.93 -1.28  0.73 -0.27 -0.61 -3.43 -0.51 -4.54 -5.13 -4.85 -1.01 -0.47 -0.05  0.59 -1.81  2.67 -5.32 -1.29  0.05 
 0.00 -4.71  2.04 -0.72 -1.51 -2.65  2.21  0.63  0.11  0.65 -2.65 -4.06 -2.89  0.28 -1.15  3.94  0.14  2.06 -0.56  1.97 -2.11 -0.38 -4.14 -1.73 -0.40 -2.59  1.36 -1.37 -4.10 -3.75 
 0.00 -3.39  4.47 -1.16 -1.89  0.01 -4.44 -0.73  1.73 -4.35 -1.92 -0.81 -4.79 -2.05 -3.29 -2.56 -2.93 -0.05  1.83  2.19 -0.04 -1.64 -0.70 -1.50  0.29 -1.12 -4.97 -1.80 -0.80 -3.81 
 0.00 -0.47 -4.80 -1.56  0.16 -1.90 -0.71  1.93 -0.09  0.22 -2.45 -2.73 -0.48 -2.85 -3.72 -4.36  1.94 -3.31  0.67 -3.69  0.41 -1.06 -1.72 -1.02 -2.75 -1.73  0.00 -0.49 -2.03  0.00 

 5275 - 5308
 2.89  0.56 -0.26 -3.36  1.95 -7.55 -2.01 -6.84 -2.86 -3.57 -2.12  0.21 -1.42 -0.33 -0.99 -0.82 -3.34  2.28 -3.46 -4.35 -3.77 -0.79  0.59  1.09  0.93 -3.80 -0.53 -1.30  0.00 -1.28 
 2.39  0.05  0.33 -5.61 -3.96 -5.38 -5.42  2.69  0.69 -3.41  1.71 -2.41  1.38  1.27 -4.68 -0.38 -4.48  2.30 -1.16 -3.75 -2.27  1.81 -0.76 -1.08 -1.31 -0.30 -4.52 -1.76 -1.55  2.40 
 0.82 -2.77  3.53 -1.16 -6.12  2.02  2.12 -2.58 -6.09 -3.78 -0.41 -0.62  0.26 -1.51  1.52  0.34 -4.09 -3.84  0.37 -0.60 -0.25 -3.89  0.01 -1.63  1.80  1.50 -2.45  0.57 -0.40 -1.49 
 0.00 -1.20 -0.05  2.55 -8.73  0.34 -1.23 -0.03 -2.10 -0.49  3.37  0.30 -0.35 -2.08 -4.24 -5.97 -0.50 -4.90 -5.02  0.34 -2.03 -0.46 -1.80  0.12 -1.87 -1.28 -1.54 -1.71 -2.50 -0.69 
 1.56 -3.69 -2.00 -0.65 -1.01  0.81 -2.39 -1.06 -3.07  0.37 -1.15  0.48  3.20 -1.56 -0.58 -3.92  1.66 -0.41 -1.31 -4.18 -4.52 -0.37 -1.78 -0.25 -0.20 -0.11  2.94 -4.02 -2.42 -1.22 
 2.23 -1.01  1.05 -1.89 -1.79 -1.87  1.30 -2.55 -7.28 -4.05 -3.57  1.16  4.84 -0.85  0.33 -2.41 -4.94 -4.00 -1.91 -2.74  0.00 -0.99 -4.75 -1.44 -2.49 -0.28  1.25 -0.87 -0.18  1.39 
 0.00 -0.94 -0.33 -2.92 -6.90 -0.88  2.46 -0.45  2.40 -2.34 -3.60 -1.11 -1.03 -0.99  0.10 -1.79 -2.96 -2.26 -2.06  2.31 -1.45  0.51 -0.64 -1.47  1.18 -1.16 -1.22 -0.19 -0.95 -0.83 
 2.64 -1.70 -0.79  3.67 -1.09  2.10 -1.07  1.16 -1.82 -0.59 -5.46 -2.78 -1.76 -1.81  1.94 -2.52 -3.47 -1.91  2.38 -1.39 -0.58 -1.87 -0.13 -0.83 -0.35  0.37 -0.74 -0.33  0.69 -2.09 
 0.00 -2.51 -0.94 -0.12  0.77  1.13 -0.10 -2.02 -0.77  0.82 -2.98 -0.90 -4.84  0.47 -4.84  0.62 -5.76  0.58  1.43 -1.68 -2.76 -0.79 -3.89 -1.07 -3.87 -1.74  1.83 -2.74 -1.71  0.86 
 1.58 -0.58  1.20 -0.43  0.97  0.73  0.36 -0.70  3.71  0.12 -1.84 -2.03 -1.96  3.03 -1.64 -2.36 -3.25 -2.52 -1.53 -0.47 -0.43 -0.53  0.94 -5.14 -3.11  2.22 -0.28 -0.75 -0.12  1.22 
 2.27 -1.77  1.36  0.44  0.88  0.15 -5.75 -0.90 -1.83  2.55 -3.63 -0.17 -2.06  0.15  0.01 -2.56 -1.16 -2.30  2.10 -2.73 -0.19 -0.18 -2.10  0.30 -2.26  0.46 -0.74 -1.23 -1.50 -1.02 
 0.00 -3.20 -1.63 -3.02  0.03 -4.55  1.32 -1.55 -3.02 -1.52 -2.85 -1.69 -2.85  0.42 -2.76  0.42 -3.86  1.04 -0.98 -5.29  0.33 -1.02 -0.29 -1.40 -1.26 -1.08 -2.19 -1.72  0.08 -2.73 
 0.00  0.08 -0.87  0.60 -1.88 -0.63 -0.42 -3.03  1.47  0.76 -1.24 -0.78 -1.41 -0.95  0.28 -1.57 -2.26 -0.47  4.24 -0.27 -0.82 -0.84 -2.18  3.25 -0.29 -1.96 -0.61 -0.26  0.26  1.39 
 0.00 -0.45  0.09 -3.46  2.05  1.76 -1.37  2.39 -2.86  0.02  3.79  2.41 -0.94 -1.05 -0.24 -1.02 -1.27 -3.19  0.46 -1.70 -2.65 -0.06  0.49 -0.75 -1.38 -0.69 -1.49 -1.22 -0.83 -0.66 
 0.63 -1.00 -7.46 -1.08 -3.80  1.94  2.26 -1.34 -4.86 -0.66 -1.20 -0.23  1.00 -5.64  3.62 -2.21  0.14 -2.44 -5.11 -2.76 -1.14  0.75 -0.26 -2.75  2.15 -4.88  2.76 -0.23 -5.39 -0.65 
-0.69  2.82 -1.71 -3.39  0.17 -4.20 -2.02  2.75 -4.55 -1.62  2.31 -2.98  1.47 -3.71 -3.22  0.82  1.49 -1.86 -0.24 -0.54  0.58 -4.37 -0.51  1.47 -0.56  0.09 -3.41  1.99 -3.80  3.05 
 8.66  0.20  1.47 -1.75 -1.90 -0.67 -2.14 -0.64 -0.31 -0.74  0.16 -2.58 -2.29 -1.42  1.03 -3.48 -0.24 -0.82 -0.80 -1.89 -1.50  0.19 -1.85  0.12 -1.89 -0.33 -3.65 -0.51  0.29 -0.55 
 1.74 -0.06 -0.74 -1.56 -3.61  2.98 -1.53 -1.40 -1.11 -2.05 -1.19 -1.76 -0.92 -4.75 -0.13 -1.08 -0.58  1.53  0.82  0.31 -0.29 -3.17  1.85 -1.46 -0.70 -1.93 -3.65 -3.62 -1.44  2.01 
 4.23 -3.60 -1.89 -4.49 -0.66  2.93  0.28 -2.42 -2.20 -2.62  0.65  2.43 -2.10 -1.75 -0.34 -1.78 -5.23  1.05  0.27 -0.53 -0.57  1.99 -0.81 -1.57  0.06 -1.42 -5.56 -2.50  0.27  2.43 
 0.00 -2.47  4.41 -2.87  0.04  0.57  1.05 -0.16 -1.69 -5.76 -0.99 -1.14 -2.43 -3.87 -2.52  0.09 -2.93  0.33 -0.46 -0.86 -2.75 -0.67  1.89 -0.21 -2.20 -1.14 -1.89 -1.32 -0.16 -3.10 
 32.25 -0.10 -2.07 -0.02 -4.85  3.04 -1.75 -1.18  1.36 -2.08 -2.41 -1.51 -2.85 -7.08 -1.61 -4.53  2.80 -1.83  3.57 -0.83  0.30 -0.85  1.74 -1.63 -2.96  0.45  1.22 -1.69  1.64 -0.29 
 0.00 -2.29 -0.72 -3.52 -2.88 -1.42 -1.73  0.34 -2.49 -5.10 -3.09  0.09 -1.74 -4.97 -5.09 -0.91  0.77 -0.38 -4.48 -3.83 -1.26 -1.47 -0.53 -0.93  1.66 -0.52 -0.94 -1.99 -1.07 -1.47 
 0.00 -1.75 -4.89 -1.92 -2.26 -1.06 -2.99  1.32 -0.15 -1.09 -3.48 -1.69 -4.51 -0.16 -1.54 -0.75  3.33 -0.91  1.54 -1.37 -0.09  1.27  2.86  0.23  0.58  1.63 -4.08  0.16 -2.51 -1.23 
 0.00  0.17 -3.41 -9.77  0.15 -0.97  1.63 -1.31 -0.59 -0.76 -0.82  0.77 -0.27  0.99 -0.42 -2.65  1.92 -1.70 -1.37 -1.40 -3.16 -0.45 -1.77 -0.39  1.51  1.38 -3.45 -5.09 -3.13 -2.88 
 0.00 -3.88 -4.15  1.03  0.70 -1.95 -2.84  2.87 -0.17 -1.14 -1.49 -3.39 -3.48 -2.68 -0.77  2.64 -2.12 -3.10 -1.67 -3.06 -1.38  2.70  0.65 -1.83  2.37 -4.41 -2.54  3.48  0.55  0.00 
 0.00 -2.70 -1.62  0.79 -0.67 -3.25  1.98 -0.79 -0.18 -1.36  0.32 -0.70 -0.80  0.21 -2.42  0.92 -2.41 -2.28  4.23 -4.01  0.02 -2.91 -4.95 -0.29 -0.21 -2.96  0.25 -1.07 -2.23  1.66 
 0.00  0.43  2.71 -1.92  2.20 -2.34  3.27 -2.05 -0.68 -2.80 -3.08 -2.40  2.47  0.34 -2.80  1.16 -2.60 -3.29  1.04 -2.23 -5.92 -0.94 -3.27 -1.28  1.37 -0.01 -1.89 -0.36 -1.10 -2.28 
 0.00 -4.28 -1.24 -1.64 -3.40  0.09 -3.95  2.75 -1.11 -1.29 -0.16  0.59 -0.48 -0.64 -4.05 -3.29  1.01  0.94 -2.64 -1.53 -0.83 -2.80 -4.03  1.73  1.67 -1.25  3.46  0.31 -0.03  0.83 
 0.00 -2.97 -3.41 -1.27 -0.02 -3.58 -2.18 -0.29 -1.33  0.23 -1.35 -2.55 -0.51 -1.61  1.44  1.16 -0.64 -2.84 -0.57 -2.64 -0.72  2.01 -2.57  1.10  0.14 -2.23 -2.83 -1.11  0.98 -0.76 
 0.30 -0.58 -0.25 -0.37  0.72 -3.75 -0.10  1.73 -0.24 -0.32 -1.43 -4.54 -1.91  0.08 -2.94  3.15 -1.11  3.20 -0.47 -1.05  0.22 -1.04 -0.51 -1.21 -1.07 -0.85 -2.33  2.37 -1.33 -0.73 
 0.00 -1.47 -2.41 -1.09 -1.14 -4.64  3.82 -3.47  3.46 -4.60 -5.74  4.00 -2.31 -3.41 -10.64  0.55 -1.39 -1.27 -1.42  2.03  2.11 -1.59 -3.69 -3.61 -0.55 -0.81 -2.09 -1.67 -1.22 -2.02 
 2.21 -4.00 -3.50  0.08 -0.01 -0.01 -1.82  3.78 -1.68 -0.60  0.44 -0.69 -1.00 -0.05 -1.08 -3.23 -1.00  0.44 -1.19  0.27  0.80 -0.78 -0.72 -0.43 -2.72 -1.86 -2.62 -1.01 -3.56  2.46 
 2.23 -0.27 -0.12 -0.25 -3.82  0.18  1.79 -0.11 -0.18 -3.43  2.24 -0.94 -1.29  0.73 -0.28 -0.63 -3.45 -0.52 -4.55 -5.09 -4.84 -1.03 -0.45 -0.01  0.60 -1.83  2.68 -5.31 -1.29  0.08 
 2.26 -4.50  2.01 -0.78 -1.49 -2.67  2.18  0.62  0.11  0.63 -2.66 -4.05 -2.95  0.26 -1.16  3.91  0.15  2.03 -0.59  1.94 -2.14 -0.37 -4.13 -1.72 -0.42 -2.59  1.38 -1.40 -4.05 -3.75 
 0.00 -3.24  4.37 -1.19 -1.91 -0.02 -4.46 -0.78  1.65 -4.35 -1.97 -0.80 -4.82 -2.01 -3.28 -2.59 -2.96  0.00  1.87  2.15 -0.07 -1.66 -0.72 -1.51  0.25 -1.07 -4.95 -1.81 -0.79 -3.80 
 1.49 -0.09 -4.80 -1.61  0.10 -1.95 -0.73  1.91 -0.11  0.22 -2.50 -2.74 -0.47 -2.87 -3.74 -4.34  1.94 -3.33  0.66 -3.68  0.42 -1.11 -1.71 -1.02 -2.75 -1.71  0.00 -0.50 -2.03  0.00 

 5309 - 5343
 0.00  0.53 -0.22 -3.26  2.03 -7.50 -1.94 -6.79 -2.82 -3.52 -2.06  0.28 -1.37 -0.25 -0.91 -0.75 -3.27  2.33 -3.40 -4.31 -3.71 -0.74  0.69  1.10  1.01 -3.78 -0.45 -1.26  0.00 -1.37 
 16.44  0.12  0.44 -5.53 -3.87 -5.35 -5.36  2.73  0.80 -3.34  1.80 -2.35  1.46  1.31 -4.63 -0.33 -4.42  2.34 -1.09 -3.64 -2.23  1.88 -0.72 -1.14 -1.24 -0.24 -4.47 -1.71 -1.48  2.38 
 0.77 -2.73  3.59 -1.15 -6.07  2.09  2.18 -2.53 -6.03 -3.70 -0.34 -0.58  0.31 -1.44  1.57  0.38 -4.05 -3.78  0.44 -0.56 -0.17 -3.84  0.07 -1.59  1.82  1.52 -2.38  0.66 -0.33 -1.50 
 30.40 -1.35  0.06  2.701 -8.66  0.41 -1.16  0.06 -2.05 -0.41  3.43  0.37 -0.29 -2.01 -4.12 -5.95 -0.45 -4.82 -4.96  0.42 -1.97 -0.40 -1.73  0.15 -1.82 -1.31 -1.46 -1.66 -2.45 -0.65 
 1.65 -3.62 -1.97 -0.56 -0.94  0.90 -2.31 -1.04 -3.00  0.46 -1.07  0.56  3.26 -1.49 -0.51 -3.86  1.73 -0.36 -1.17 -4.11 -4.47 -0.33 -1.74 -0.21 -0.25 -0.07  3.03 -3.95 -2.36 -1.18 
-11.57 -0.93  1.19 -1.82 -1.67 -1.76  1.34 -2.49 -7.20 -3.98 -3.48  1.23  4.88 -0.77  0.39 -2.35 -4.88 -3.92 -1.85 -2.68  0.02 -0.94 -4.72 -1.39 -2.43 -0.26  1.28 -0.81 -0.12  1.42 
 12.72 -0.98 -0.35 -2.86 -6.80 -0.80  2.51 -0.39  2.47 -2.27 -3.55 -1.04 -0.96 -0.94  0.17 -1.72 -2.89 -2.18 -2.03  2.35 -1.38  0.55 -0.60 -1.44  1.19 -1.13 -1.16 -0.13 -0.89 -0.76 
 0.00 -1.72 -0.74  3.74 -1.03  2.17 -1.01  1.23 -1.78 -0.51 -5.39 -2.73 -1.71 -1.78  2.05 -2.46 -3.43 -1.83  2.44 -1.34 -0.52 -1.83 -0.07 -0.75 -0.34  0.44 -0.71 -0.30  0.73 -2.08 
 15.73 -2.35 -0.87 -0.05  0.83  1.21 -0.04 -1.98 -0.67  0.92 -2.93 -0.82 -4.78  0.56 -4.78  0.66 -5.69  0.66  1.48 -1.62 -2.69 -0.72 -3.85 -1.06 -3.86 -1.70  1.88 -2.72 -1.67  0.97 
 35.98  0.00  0.00 -0.37  1.09  0.80  0.41 -0.65  3.74  0.17 -1.77 -1.95 -1.90  3.08 -1.62 -2.33 -3.19 -2.49 -1.47 -0.44 -0.39 -0.49  0.98 -5.10 -3.08  2.29 -0.25 -0.72 -0.07  1.24 
 0.00  0.00  1.43  0.49  0.90  0.22 -5.68 -0.84 -1.77  2.68 -3.55 -0.13 -2.01  0.20  0.05 -2.50 -1.16 -2.22  2.14 -2.67 -0.13 -0.13 -2.05  0.33 -2.21  0.50 -0.67 -1.17 -1.46 -0.99 
 0.00 -3.02 -1.60 -2.94  0.05 -4.51  1.42 -1.48 -2.98 -1.45 -2.79 -1.62 -2.78  0.51 -2.70  0.47 -3.79  1.10 -0.90 -5.28  0.40 -0.96 -0.25 -1.37 -1.22 -1.03 -2.15 -1.68  0.11 -2.67 
 0.00  0.00 -0.82  0.71 -1.83 -0.58 -0.37 -2.93  1.52  0.82 -1.12 -0.72 -1.30 -0.93  0.36 -1.49 -2.23 -0.41  4.31 -0.21 -0.79 -0.77 -2.14  3.30 -0.24 -1.93 -0.58 -0.21  0.31  1.40 
 0.00  0.00  0.14 -3.40  2.17  1.86 -1.31  2.47 -2.82  0.08  3.83  2.49 -0.87 -0.99 -0.17 -0.94 -1.20 -3.16  0.54 -1.62 -2.58 -0.03  0.52 -0.72 -1.34 -0.65 -1.47 -1.17 -0.79 -0.65 
 0.00  0.00 -7.42 -1.02 -3.73  1.98  2.33 -1.29 -4.81 -0.59 -1.15 -0.16  1.09 -5.60  3.70 -2.13  0.21 -2.40 -5.05 -2.72 -1.09  0.79 -0.21 -2.71  2.21 -4.84  2.80 -0.18 -5.36 -0.64 
 0.00  0.00 -1.69 -3.29  0.25 -4.14 -1.98  2.80 -4.49 -1.56  2.35 -2.92  1.52 -3.67 -3.15  0.92  1.57 -1.78 -0.18 -0.49  0.62 -4.33 -0.46  1.50 -0.51  0.14 -3.35  2.05 -3.72  3.07 
 0.00  0.00  1.50  -1.60 -1.85 -0.60 -2.08 -0.58 -0.27 -0.70  0.20 -2.50 -2.24 -1.34  1.10 -3.43 -0.18 -0.75 -0.75 -1.85 -1.46  0.23 -1.80  0.17 -1.84 -0.27 -3.61 -0.44  0.31 -0.52 
 0.00  0.00 -0.77 -1.51 -3.61  3.05 -1.44 -1.33 -1.04 -2.01 -1.12 -1.70 -0.85 -4.69 -0.07 -0.99 -0.53  1.57  0.88  0.37 -0.23 -3.12  1.89 -1.41 -0.65 -1.88 -3.60 -3.57 -1.41  2.07 
 0.00  0.00 -1.94 -4.41 -0.56  2.95  0.32 -2.35 -2.12 -2.55  0.71  2.47 -2.03 -1.67 -0.28 -1.72 -5.20  1.14  0.36 -0.48 -0.52  2.06 -0.73 -1.55  0.11 -1.37 -5.45 -2.45  0.34  2.50 
 35.46  0.00  4.36 -2.82  0.09  0.59  1.06 -0.09 -1.61 -5.72 -0.96 -1.07 -2.38 -3.81 -2.45  0.16 -2.87  0.40 -0.40 -0.81 -2.72 -0.60  1.94 -0.17 -2.16 -1.11 -1.87 -1.28 -0.12 -3.08 
 0.00  0.00 -1.97  0.08 -4.79  3.11 -1.71 -1.14  1.43 -2.04 -2.33 -1.47 -2.79 -7.02 -1.58 -4.46  2.86 -1.74  3.63 -0.78  0.39 -0.80  1.77 -1.57 -2.89  0.55  1.26 -1.68  1.73 -0.25 
 0.00  0.00 -0.74 -3.48 -2.80 -1.34 -1.67  0.41 -2.42 -5.01 -3.00  0.13 -1.68 -4.91 -5.02 -0.85  0.85 -0.30 -4.42 -3.76 -1.20 -1.42 -0.46 -0.88  1.70 -0.48 -0.93 -1.92 -1.03 -1.38 
 0.00  0.00 -4.74 -1.85 -2.20 -0.99 -2.97  1.24 -0.09 -1.00 -3.40 -1.64 -4.46 -0.11 -1.47 -0.68  3.40 -0.84  1.60 -1.32 -0.03  1.29  2.90  0.27  0.61  1.68 -4.05  0.21 -2.47 -1.20 
 0.00  0.00  0.00 -9.66  0.20 -0.91  1.68 -1.28 -0.53 -0.69 -0.73  0.87 -0.17  1.05 -0.33 -2.55  1.97 -1.65 -1.33 -1.34 -3.12 -0.40 -1.73 -0.36  1.57  1.43 -3.44 -5.03 -3.12 -2.86 
 0.00  0.00 -4.03  1.09  0.74 -1.88 -2.78  2.95 -0.12 -1.04 -1.41 -3.32 -3.43 -2.60 -0.71  2.72 -2.07 -3.03 -1.59 -2.99 -1.29  2.76  0.66 -1.77  2.41 -4.39 -2.52  3.55  0.60  0.00 
 0.00  0.00  0.00  0.86 -0.58 -3.19  2.06 -0.71 -0.12 -1.29  0.37 -0.64 -0.71  0.28 -2.37  0.99 -2.35 -2.21  4.31 -3.94  0.09 -2.84 -4.88 -0.24 -0.16 -2.90  0.30 -1.03 -2.17  1.70 
 0.00  0.00  2.80 -1.83  2.27 -2.29  3.35 -1.96 -0.63 -2.74 -3.00 -2.34  2.55  0.38 -2.74  1.23 -2.52 -3.25  1.09 -2.14 -5.86 -0.89 -3.21 -1.23  1.42  0.04 -1.85 -0.34 -1.11 -2.23 
 0.00  0.00 -1.18 -1.55 -3.34  0.17 -3.87  2.80 -1.05 -1.24 -0.07  0.65 -0.39 -0.55 -3.98 -3.23  1.07  1.01 -2.59 -1.45 -0.79 -2.71 -3.96  1.81  1.70 -1.20  3.55  0.37  0.02  0.87 
 0.00  0.00 -3.36 -1.19  0.06 -3.50 -2.12 -0.21 -1.26  0.31 -1.28 -2.48 -0.46 -1.56  1.50  1.24 -0.57 -2.77 -0.53 -2.59 -0.66  2.08 -2.52  1.16  0.18 -2.19 -2.78 -1.12  1.05 -0.84 
 0.00  0.00 -0.17 -0.32  0.81 -3.66 -0.05  1.81 -0.21 -0.23 -1.37 -4.49 -1.83  0.16 -2.84  3.21 -1.05  3.26 -0.42 -0.99  0.26 -0.98 -0.47 -1.10 -1.01 -0.84 -2.26  2.40 -1.33 -0.67 
 0.00 -1.50 -2.35 -1.03 -1.04 -4.56  3.88 -3.35  3.54 -4.54 -5.66  4.08 -2.24 -3.35 -10.55  0.62 -1.30 -1.13 -1.36  2.09  2.16 -1.55 -3.64 -3.57 -0.50 -0.70 -2.06 -1.62 -1.18 -1.97 
 0.00 -4.14 -3.45  0.23  0.13  0.02 -1.77  3.86 -1.61 -0.55  0.49 -0.60 -0.90  0.06 -1.05 -3.17 -0.92  0.50 -1.14  0.32  0.92 -0.72 -0.68 -0.38 -2.68 -1.83 -2.55 -0.97 -3.53  2.47 
 20.55 -0.49 -0.04 -0.18 -3.79  0.23  1.85 -0.04 -0.14 -3.36  2.30 -0.88 -1.25  0.79 -0.23 -0.58 -3.41 -0.47 -4.50 -5.02 -4.77 -0.97 -0.39  0.03  0.60 -1.76  2.74 -5.23 -1.22  0.09 
 2.31 -4.61  2.10 -0.69 -1.42 -2.57  2.25  0.70  0.18  0.69 -2.61 -4.00 -2.87  0.32 -1.06  3.98  0.22  2.10 -0.51  2.01 -2.07 -0.31 -4.08 -1.68 -0.38 -2.56  1.40 -1.33 -4.06 -3.72 
 0.00 -3.26  4.44 -1.05 -1.81  0.02 -4.40 -0.69  1.73 -4.26 -1.90 -0.75 -4.75 -1.97 -3.26 -2.50 -2.88  0.09  1.90  2.23 -0.01 -1.61 -0.64 -1.45  0.32 -1.08 -4.89 -1.72 -0.71 -3.81 
 5.95 -0.16 -4.76 -1.52  0.24 -1.88 -0.67  2.00 -0.01  0.28 -2.40 -2.66 -0.42 -2.79 -3.68 -4.28  2.00 -3.23  0.75 -3.62  0.48 -1.03 -1.64 -0.97 -2.69 -1.63  0.00 -0.88 -1.93  0.00 

 5357 - 5408
 0.00  0.00  0.00 -3.66  1.66 -7.86 -2.43 -7.25 -3.27 -4.01 -2.55 -0.25 -1.94 -0.78 -1.55 -1.37 -3.88  1.75 -4.06 -5.16 -4.34 -1.32 -0.01  0.51  0.34 -4.38  3.44 -1.37  3.72 -1.18 
 0.00  0.00  0.00 -6.14 -4.24 -5.56 -5.61  2.56  0.55 -3.57  1.52 -2.63  1.15  1.00 -4.93 -0.63 -4.76  1.95 -1.46 -4.06 -2.66  1.45 -1.07 -1.50 -1.66 -0.61 -4.35 -1.83 -1.65  2.52 
 0.00  0.00  0.00 -1.53 -6.37  1.89  2.06 -2.65 -6.11 -3.90 -0.54 -0.69  0.21 -1.58  1.46  0.23 -4.17 -3.94  0.27 -0.72 -0.38 -4.00 -0.09 -1.78  1.69  1.36 -2.02  1.18 -0.23 -1.43 
 0.00  0.00  0.00  0.00 -9.00  0.25 -1.31 -0.09 -2.16 -0.55  3.32  0.20 -0.39 -2.14 -4.32 -6.01 -0.61 -5.02 -5.13  0.24 -2.12 -0.54 -1.90  0.01 -1.98 -1.48 -1.39 -1.71 -2.39 -0.53 
 0.00  0.00  0.00 -1.07 -1.23  0.63 -2.46 -1.08 -3.14  0.36 -1.20  0.43  3.14 -1.64 -0.70 -4.01  1.55 -0.54 -1.42 -4.34 -4.63 -0.49 -1.89 -0.33 -0.39 -0.25  3.25 -3.43 -2.56 -1.32 
 0.00  0.00  0.00 -2.16 -2.04 -1.97  1.25 -2.62 -7.35 -4.10 -3.65  1.09  4.78 -0.89  0.26 -2.49 -5.02 -4.09 -2.03 -2.83 -0.13 -1.09 -4.87 -1.51 -2.62 -0.48  1.28 -0.46 -0.07  1.36 
 0.00  0.00  0.00 -3.41 -7.20 -0.95  2.43 -0.50  2.38 -2.38 -3.66 -1.19 -1.08 -1.04  0.06 -1.85 -3.03 -2.33 -2.16  2.17 -1.54  0.42 -0.77 -1.56  1.05 -1.32 -1.26 -0.14 -0.80 -0.82 
 0.00  0.00 -1.17  3.39 -1.27  2.02 -1.10  1.15 -1.85 -0.58 -5.49 -2.80 -1.80 -1.90  1.91 -2.59 -3.53 -1.97  2.27 -1.49 -0.69 -1.97 -0.23 -0.92 -0.50  0.27 -0.60  0.02 -1.30 -1.98 
 0.00  0.00  0.00 -0.66  0.58  1.07 -0.15 -2.06 -0.82  0.81 -3.05 -0.97 -4.86  0.45 -4.91  0.57 -5.81  0.37  1.35 -1.78 -2.86 -0.85 -3.96 -1.18 -3.99 -1.89  1.84 -2.57 -1.67  1.22 
 0.00  0.00  0.00 -0.84  0.80  0.69  0.35 -0.68  3.67  0.13 -1.81 -2.09 -2.00  2.98 -1.69 -2.42 -3.32 -2.58 -1.66 -0.57 -0.54 -0.63  0.88 -5.72 -3.23  2.11 -0.24 -0.73 -0.05  1.13 
 0.00  0.00  1.20 -0.13  0.66  0.10 -5.77 -0.94 -1.86  2.55 -3.61 -0.20 -2.08  0.09 -0.04 -2.62 -1.28 -2.36  1.95 -2.84 -0.24 -0.27 -2.18  0.19 -2.35  0.32 -0.91 -1.14 -1.23 -0.95 
 0.00  0.00 -1.90 -3.75 -0.20 -4.59  1.32 -1.52 -3.02 -1.52 -2.84 -1.74 -2.87  0.40 -2.82  0.38 -3.96  0.97 -1.05 -5.40  0.27 -1.11 -0.38 -1.49 -1.26 -1.21 -2.34 -1.48  0.02 -2.58 
 0.00  0.00  0.00  0.00 -2.02 -0.68 -0.44 -2.93  1.49  0.75 -1.22 -0.75 -1.43 -0.98  0.22 -1.62 -2.33 -0.54  4.15 -0.35 -0.90 -0.94 -2.27  3.13 -0.37 -2.11 -0.80  0.05  0.47  1.63 
 0.00  0.00  0.00 -3.53  1.95  1.71 -1.34  2.44 -2.84  0.02  3.79  2.41 -0.95 -1.08 -0.28 -1.04 -1.33 -3.26  0.40 -1.74 -2.75 -0.20  0.38 -0.84 -1.49 -0.80 -1.48 -1.11 -0.69  0.24 
 0.00  0.00  0.00  0.00 -3.86  1.91  2.28 -1.28 -4.86 -0.65 -1.18 -0.22  0.97 -5.68  3.59 -2.24  0.09 -2.53 -5.18 -2.84 -1.19  0.63 -0.37 -2.86  2.07 -5.00  3.11  0.71 -5.47 -0.54 
 0.00  0.00 -1.67  0.00  0.00 -4.24 -2.03  2.78 -4.54 -1.58  2.30 -2.97  1.43 -3.76 -3.25  0.78  1.43 -1.94 -0.33 -0.66  0.51 -4.45 -0.60  1.37 -0.65 -0.04 -3.45  2.06 -3.64  3.18 
 0.00  0.00  1.57 -1.72  0.00 -0.68 -2.14 -0.58 -0.29 -0.74  0.16 -2.58 -2.30 -1.46  1.00 -3.55 -0.29 -0.90 -0.87 -1.95 -1.56  0.10 -1.95  0.02 -2.02 -0.44 -3.52  1.73  0.39 -0.31 
 0.00  0.00 -0.76 -1.52  0.00  2.97 -1.51 -1.11 -1.08 -2.02 -1.15 -1.76 -0.93 -4.81 -0.17 -1.12 -0.61  1.48  0.75  0.19 -0.36 -3.25  1.63 -1.54 -0.77 -2.05 -3.75 -2.85 -1.29  2.29 
 0.00  0.00 -1.90 -4.42  0.00  2.91  0.31 -2.39 -2.16 -2.58  0.67  2.40 -2.15 -1.80 -0.39 -1.85 -5.26  1.01  0.22 -0.62 -0.64  1.90 -0.88 -1.67 -0.02 -1.52 -5.16 -2.39  1.31  2.82 
 0.00  0.00  5.08  0.00  0.00  0.53  1.02 -0.10 -1.66 -5.75 -0.98 -1.13 -2.41 -3.93 -2.50  0.06 -2.98  0.28 -0.52 -0.92 -2.82 -0.76  1.81 -0.29 -2.27 -1.28 -0.87 -1.28 -0.12 -3.00 
 0.00  0.00  0.00  0.00 -4.82  2.95 -1.76 -1.18  1.39 -2.08 -2.39 -1.50 -2.87 -7.13 -1.64 -4.55  2.74 -1.89  3.48 -0.91  0.26 -0.91  1.65 -1.71 -3.04  0.37 -0.53 -1.57  1.77 -1.76 
 0.00  0.00  0.00  0.00  0.00 -1.44 -1.74  0.33 -2.46 -5.09 -3.09  0.11 -1.76 -5.00 -5.12 -0.98  0.71 -0.45 -4.57 -3.93 -1.37 -1.55 -0.63 -1.01  1.57 -0.52 -0.67 -2.01 -1.04 -1.15 
 0.00  0.00  0.00  0.00  0.00 -1.13 -2.98  1.33 -0.15 -1.12 -3.48 -1.69 -4.54 -0.21 -1.57 -0.82  3.20 -1.01  1.45 -1.44 -0.17  1.17  2.76  0.14  0.48  1.53 -4.11 -0.02 -2.40 -0.87 
 0.00  0.00  0.00  0.00  0.00  0.00  1.59 -1.28 -0.56 -0.75 -0.84  0.77 -0.28  0.98 -0.44 -2.69  1.84 -1.81 -1.43 -1.49 -3.22 -0.55 -1.89 -0.47  1.40  1.25 -3.06 -5.04 -2.99 -3.10 
 0.00  0.00  0.00  0.00  0.00 -2.05 -2.87  2.85 -0.18 -1.21 -1.51 -3.39 -3.51 -2.71 -0.80  2.62 -2.19 -3.21 -1.76 -3.15 -1.47  2.62  0.49 -2.01  2.29 -4.54 -1.40  4.04  0.40 -0.60 
 0.00  0.00  0.00  0.00 -0.94 -3.47  1.93 -0.78 -0.20 -1.37  0.34 -0.69 -0.81  0.18 -2.89  0.88 -2.43 -2.36  4.18 -4.06 -0.05 -3.01 -5.04 -0.40 -0.32 -3.11  0.54 -1.08 -2.23  1.60 
 0.00  0.00  0.00 -2.54  1.93 -2.38  3.24 -2.08 -0.67 -2.80 -3.07 -2.42  2.47  0.31 -2.83  1.08 -2.66 -3.37  0.97 -2.32 -6.06 -1.04 -3.34 -1.39  1.25 -0.16 -1.80 -0.51 -1.00 -1.71 
 0.00  0.00  0.00 -2.22 -3.70  0.02 -3.97  2.74 -1.12 -1.32 -0.14  0.58 -0.53 -0.68 -4.11 -3.39  0.93  0.90 -2.73 -1.63 -0.91 -2.88 -4.13  1.65  1.58 -1.37  3.74  0.54  0.14  1.15 
 0.00  0.00 -4.32 -1.73 -0.15 -3.63 -2.19 -0.29 -1.36  0.24 -1.33 -2.56 -0.54 -1.65  1.39  1.10 -0.68 -2.91 -0.66 -2.72 -0.80  1.94 -2.67  1.01  0.05 -2.38 -2.26 -1.09  1.06 -0.54 
 0.00  0.00 -0.61 -0.72  0.44 -3.79 -0.13  1.68 -0.25 -0.34 -1.44 -4.57 -1.97  0.04 -3.01  3.09 -1.22  3.09 -0.53 -1.17  0.13 -1.14 -0.62 -1.28 -1.17 -0.99 -2.19  3.00 -0.95 -0.75 
 0.00  0.00  0.00 -1.47 -1.49 -4.69  3.77 -3.51  3.45 -4.63 -5.76  3.97 -2.34 -3.48 -10.71  0.43 -1.48 -1.37 -1.53  1.95  2.01 -1.70 -3.83 -3.70 -0.66 -0.94 -1.84 -1.60 -0.91 -1.93 
 0.00  0.00  0.00 -0.43 -0.41 -0.11 -1.87  3.71 -1.85 -0.67  0.38 -0.71 -0.92 -0.05 -1.16 -3.29 -1.08  0.37 -1.33  0.17  0.71 -0.87 -0.85 -0.58 -2.83 -2.02 -2.16 -0.74 -3.28  2.70 
 0.00  0.00  0.00 -0.66 -4.10  0.09  1.77 -0.12 -0.23 -3.52  2.21 -0.95 -1.32  0.70 -0.30 -0.69 -3.53 -0.60 -4.62 -5.16 -4.92 -1.11 -0.56 -0.09  0.53 -2.29  0.79 -5.13 -0.84  0.39 
 0.00  0.00  0.00 -1.09 -1.83 -2.73  2.18  0.63  0.14  0.66 -2.66 -4.05 -2.97  0.23 -1.19  3.90  0.12  2.01 -0.60  1.90 -2.18 -0.40 -4.18 -1.75 -0.42 -2.65  1.53 -1.40 -3.98 -3.90 
 0.00  0.00  0.00 -1.62 -2.10 -0.82 -4.55 -0.89  1.59 -4.44 -1.98 -0.88 -4.90 -2.16 -3.43 -2.73 -3.11  0.08  1.61  1.97 -0.32 -1.83 -1.29 -1.66  0.10 -1.27 -4.71 -1.11 -0.49 -3.61 
 0.00  0.00  0.00 -2.02 -0.16 -2.16 -0.91  1.64 -0.37 -0.03 -2.82 -2.98 -0.79 -3.15 -4.07 -4.68  1.68 -3.66  0.25 -4.02  0.07 -1.38 -2.08 -1.35 -3.49 -2.13 -0.62 -0.17 -1.69  3.50 

 5409 - 5439
 0.00  0.00  0.00  0.00  1.69 -7.87 -2.36 -7.30 -3.29 -4.01 -2.56 -0.18 -1.88 -0.80 -1.50 -1.33 -3.83  1.82 -4.07 -5.11 -4.34 -1.28  0.02  0.57  0.36 -4.33  3.55 -1.35  3.72 -1.13 
 0.00  0.00  0.00  0.00 -4.22 -5.47 -5.60  2.56  0.58 -3.54  1.53 -2.64  1.19  1.01 -4.92 -0.60 -4.76  1.95 -1.43 -4.03 -2.63  1.52 -1.07 -1.48 -1.64 -0.56 -4.29 -1.85 -1.64  2.51 
 0.00  0.00  0.00  0.00 -6.25  1.96  2.10 -2.61 -6.10 -3.86 -0.51 -0.61  0.26 -1.60  1.45  0.24 -4.17 -3.92  0.28 -0.67 -0.37 -4.00 -0.10 -1.77  1.72  1.37 -1.95  1.21 -0.22 -1.39 
 0.00  0.00  0.00  0.00 -9.19  0.22 -1.27 -0.08 -2.12 -0.50  3.36  0.24 -0.38 -2.10 -4.34 -6.00 -0.57 -4.99 -5.09  0.29 -2.10 -0.50 -1.84  0.01 -1.98 -1.46 -1.36 -1.63 -2.39 -0.51 
 0.00  0.00  0.00  0.00 -1.25  0.66 -2.42 -1.05 -3.08  0.40 -1.15  0.49  3.16 -1.62 -0.65 -3.96  1.56 -0.50 -1.37 -4.31 -4.60 -0.48 -1.88 -0.32 -0.41 -0.24  3.29 -3.36 -2.53 -1.23 
 0.00  0.00  0.00  0.00 -1.92 -1.99  1.28 -2.56 -7.30 -4.06 -3.56  1.13  4.84 -0.84  0.30 -2.48 -4.98 -4.07 -2.03 -2.81 -0.13 -1.06 -4.84 -1.52 -2.61 -0.46  1.30 -0.45 -0.04  1.40 
 0.00  0.00  0.00  0.00 -7.12 -0.90  2.45 -0.42  2.42 -2.35 -3.58 -1.13 -1.00 -1.02  0.09 -1.81 -2.98 -2.30 -2.16  2.21 -1.52  0.48 -0.71 -1.54  1.06 -1.28 -1.22 -0.12 -0.80 -0.80 
 0.00  0.00  0.00  0.00 -1.12  2.11 -1.06  1.20 -1.80 -0.56 -5.44 -2.81 -1.76 -1.85  1.93 -2.56 -3.52 -1.95  2.31 -1.46 -0.67 -1.96 -0.19 -0.87 -0.45  0.29 -0.56  0.04 -1.28 -1.92 
 0.00  0.00  0.00  0.00  0.27  1.09 -0.11 -2.01 -0.75  0.86 -2.98 -0.92 -4.87  0.50 -4.86  0.61 -5.77  0.43  1.39 -1.74 -2.82 -0.81 -3.96 -1.14 -4.00 -1.87  1.90 -2.48 -1.60  1.30 
 0.00  0.00  0.00  0.00  0.71  0.72  0.38 -0.66  3.70  0.14 -1.79 -2.04 -1.97  3.01 -1.66 -2.39 -3.30 -2.58 -1.64 -0.57 -0.48 -0.60  0.91 -5.83 -3.21  2.12 -0.21 -0.68  0.01  1.17 
 0.00  0.00  0.00  0.75  0.81  0.11 -5.72 -0.89 -1.80  2.60 -3.59 -0.16 -2.06  0.13 -0.02 -2.58 -1.25 -2.31  1.98 -2.82 -0.24 -0.23 -2.16  0.23 -2.32  0.35 -0.83 -1.03 -1.20 -0.91 
 0.00  0.00  0.00  0.00 -0.20 -4.55  1.38 -1.46 -2.99 -1.47 -2.82 -1.71 -2.82  0.41 -2.80  0.39 -3.94  0.97 -0.99 -5.37  0.30 -1.06 -0.36 -1.45 -1.25 -1.17 -2.29 -1.40  0.10 -2.50 
 0.00  0.00  0.00  8.59 -1.99 -0.60 -0.39 -2.87  1.52  0.78 -1.19 -0.71 -1.39 -0.94  0.27 -1.61 -2.31 -0.50  4.19 -0.32 -0.86 -0.90 -2.23  3.15 -0.33 -2.06 -0.77  0.07  0.51  1.75 
 0.00  0.00  0.00  15.02  5.12  1.80 -1.32  2.49 -2.81  0.05  3.82  2.49 -0.92 -1.03 -0.24 -0.99 -1.32 -3.25  0.42 -1.74 -2.74 -0.18  0.42 -0.82 -1.45 -0.79 -1.45 -1.06 -0.63  0.31 
 0.00  0.00  0.00  0.00 -3.95  1.97  2.34 -1.26 -4.81 -0.61 -1.14 -0.19  1.02 -5.65  3.63 -2.21  0.12 -2.51 -5.16 -2.81 -1.17  0.69 -0.34 -2.83  2.08 -4.98  3.15  0.81 -5.41 -0.51 
 0.00  0.00  0.00  0.00  0.00 -4.21 -1.98  2.84 -4.47 -1.54  2.34 -2.91  1.49 -3.73 -3.19  0.83  1.47 -1.89 -0.28 -0.63  0.53 -4.43 -0.57  1.39 -0.61 -0.01 -3.40  2.11 -3.60  3.25 
 0.00  0.00  0.00  0.00  0.00 -0.53 -2.04 -0.51 -0.23 -0.69  0.22 -2.54 -2.27 -1.42  1.04 -3.48 -0.26 -0.87 -0.82 -1.95 -1.54  0.12 -1.93  0.07 -1.98 -0.40 -3.47  1.81  0.41 -0.28 
 0.00  0.00  0.00 -1.37  0.00  3.02 -1.42 -1.48 -1.02 -2.00 -1.11 -1.73 -0.91 -4.74 -0.13 -1.10 -0.58  1.50  0.77  0.24 -0.34 -3.24  1.62 -1.51 -0.73 -2.01 -3.72 -2.79 -1.24  2.33 
 0.00  0.00  0.00 -4.13 -0.62  3.02  0.41 -2.33 -2.11 -2.54  0.71  2.42 -2.11 -1.75 -0.34 -1.82 -5.25  1.02  0.27 -0.58 -0.62  1.96 -0.83 -1.65  0.01 -1.48 -5.09 -2.32  1.37  2.88 
 0.00  0.00  0.00  0.00  0.00  0.66  1.12 -0.03 -1.59 -5.70 -0.96 -1.08 -2.37 -3.90 -2.49  0.10 -2.95  0.31 -0.50 -0.91 -2.81 -0.73  1.82 -0.28 -2.25 -1.23 -0.83 -1.18 -0.04 -2.93 
 0.00  0.00  0.00  0.00 -4.93  3.05 -1.69 -1.11  1.42 -2.04 -2.36 -1.47 -2.82 -7.06 -1.61 -4.54  2.76 -1.86  3.51 -0.86  0.28 -0.88  1.66 -1.71 -3.00  0.39 -0.48 -1.55  1.81 -1.66 
 0.00  0.00  0.00  0.00  0.00 -1.32 -1.69  0.42 -2.43 -5.04 -3.06  0.15 -1.73 -4.98 -5.07 -0.96  0.75 -0.42 -4.56 -3.91 -1.31 -1.52 -0.61 -0.97  1.59 -0.52 -0.62 -1.97 -0.98 -1.09 
 0.00  0.00  0.00  0.00  0.00 -1.01 -2.92  1.37 -0.11 -1.08 -3.43 -1.66 -4.49 -0.17 -1.54 -0.76  3.25 -0.96  1.47 -1.40 -0.14  1.19  2.77  0.15  0.53  1.57 -4.03  0.10 -2.34 -0.81 
 0.00  0.00  0.00  0.00  0.00 -0.89  1.71 -1.24 -0.50 -0.72 -0.78  0.82 -0.27  1.02 -0.39 -2.65  1.87 -1.78 -1.41 -1.46 -3.16 -0.51 -1.85 -0.45  1.41  1.28 -3.02 -5.02 -2.93 -3.02 
 0.00  0.00  0.00  0.00  0.05 -1.95 -2.84  2.90 -0.14 -1.13 -1.47 -3.36 -3.47 -2.67 -0.75  2.66 -2.17 -3.17 -1.72 -3.11 -1.43  2.65  0.54 -2.08  2.31 -4.51 -1.34  4.08  0.38 -0.55 
 0.00  0.00  0.00  30.84 -1.32 -3.42  1.97 -0.72 -0.15 -1.34  0.37 -0.66 -0.77  0.22 -2.86  0.90 -2.42 -2.35  4.20 -4.10 -0.05 -2.98 -5.03 -0.38 -0.28 -3.07  0.59 -1.02 -2.17  1.68 
 0.00  0.00  0.00  0.00  2.03 -2.34  3.27 -2.03 -0.66 -2.78 -3.03 -2.39  2.53  0.35 -2.80  1.11 -2.61 -3.35  1.00 -2.31 -6.03 -1.00 -3.34 -1.36  1.27 -0.11 -1.79 -0.45 -0.96 -1.68 
 0.00  0.00  0.00  0.00 -3.49  0.03 -3.95  2.80 -1.07 -1.30 -0.11  0.64 -0.49 -0.63 -4.08 -3.38  0.96  0.88 -2.70 -1.60 -0.88 -2.84 -4.08  1.67  1.59 -1.34  3.76  0.58  0.16  1.18 
 0.00  0.00  0.00  0.00 -0.17 -3.63 -2.15 -0.25 -1.30  0.27 -1.29 -2.54 -0.49 -1.59  1.40  1.14 -0.64 -2.88 -0.61 -2.69 -0.75  1.96 -2.63  1.00  0.05 -2.34 -2.22 -1.07  1.13 -0.47 
 0.00  0.00  0.00  0.00  0.26 -3.77 -0.10  1.70 -0.19 -0.33 -1.41 -4.50 -1.94  0.06 -2.99  3.11 -1.19  3.13 -0.52 -1.12  0.16 -1.08 -0.59 -1.30 -1.15 -0.96 -2.12  3.06 -0.89 -0.71 
 0.00  0.00  0.00  0.00 -1.35 -4.67  3.80 -3.47  3.49 -4.63 -5.72  3.99 -2.33 -3.44 -10.67  0.47 -1.44 -1.35 -1.54  1.94  2.02 -1.67 -3.80 -3.69 -0.66 -0.89 -1.78 -1.53 -0.84 -1.86 
 0.00  0.00  0.00  0.00 -0.48 -0.05 -1.86  3.77 -1.83 -0.65  0.41 -0.66 -0.88 -0.01 -1.11 -3.28 -1.01  0.39 -1.29  0.19  0.77 -0.83 -0.79 -0.58 -2.80 -2.00 -2.14 -0.69 -3.20  2.79 
 0.00  0.00  0.00  0.00 -3.92  0.08  1.82 -0.12 -0.18 -3.52  2.23 -0.90 -1.28  0.72 -0.33 -0.68 -3.53 -0.56 -4.61 -5.13 -4.91 -1.08 -0.56 -0.09  0.52 -2.27  0.77 -5.10 -0.78  0.43 
 0.00  0.00  0.00  0.00  0.33 -2.73  2.21  0.66  0.16  0.66 -2.64 -4.03 -2.94  0.26 -1.16  3.92  0.13  2.02 -0.60  1.91 -2.16 -0.40 -4.18 -1.77 -0.41 -2.64  1.55 -1.33 -3.96 -3.81 
 0.00  0.00  0.00  0.00 -2.16 -0.81 -4.54 -0.83  1.64 -4.41 -1.99 -0.86 -4.86 -2.10 -3.38 -2.74 -3.11  0.12  1.65  2.02 -0.29 -1.83 -1.30 -1.64  0.10 -1.25 -4.63 -1.06 -0.46 -3.50 
 0.00  0.00  0.00  0.00  0.01 -2.16 -0.97  1.70 -0.32 -0.00 -2.77 -2.95 -0.76 -3.08 -4.06 -4.63  1.70 -3.60  0.34 -3.99  0.11 -1.36 -2.15 -1.32 -3.49 -2.12 -0.58 -0.10 -1.67  3.56 

 5440 - 5463
 0.00  0.00  0.00  0.00  1.81 -7.90 -2.39 -7.24 -3.22 -4.01 -2.55 -0.22 -1.88 -0.77 -1.50 -1.36 -3.84  1.78 -4.01 -5.09 -4.35 -1.33 -0.01  0.53  0.37 -4.31  3.56 -1.32  3.72 -1.11 
 0.00  0.00  0.00  0.00 -4.31 -5.50 -5.55  2.61  0.66 -3.50  1.62 -2.59  1.25  1.08 -4.91 -0.58 -4.77  1.96 -1.44 -4.01 -2.64  1.51 -1.08 -1.48 -1.63 -0.54 -4.30 -1.80 -1.60  2.54 
 0.00  0.00  0.00  0.00 -6.37  1.97  2.12 -2.60 -6.09 -3.83 -0.45 -0.62  0.24 -1.53  1.49  0.29 -4.13 -3.92  0.34 -0.69 -0.35 -3.97 -0.07 -1.72  1.73  1.39 -1.95  1.23 -0.19 -1.37 
 0.00  0.00  0.00  0.00 -9.08  0.29 -1.24 -0.03 -2.09 -0.50  3.36  0.29 -0.34 -2.10 -4.29 -6.01 -0.56 -4.98 -5.12  0.26 -2.08 -0.52 -1.87  0.02 -1.94 -1.45 -1.28 -1.56 -2.37 -0.50 
 0.00  0.00  0.00  0.00 -1.20  0.71 -2.38 -1.02 -3.06  0.43 -1.14  0.48  3.19 -1.59 -0.66 -3.98  1.62 -0.48 -1.37 -4.26 -4.61 -0.47 -1.85 -0.31 -0.38 -0.21  3.32 -3.31 -2.47 -1.23 
 0.00  0.00  0.00  0.00 -2.14 -1.91  1.33 -2.53 -7.30 -4.04 -3.57  1.16  4.82 -0.87  0.30 -2.45 -4.97 -4.05 -1.98 -2.80 -0.10 -1.06 -4.83 -1.49 -2.58 -0.46  1.33 -0.41 -0.00  1.42 
 0.00  0.00  0.00  0.00 -7.14 -0.91  2.49 -0.41  2.45 -2.30 -3.59 -1.13 -1.02 -1.01  0.11 -1.81 -2.99 -2.29 -2.12  2.23 -1.51  0.44 -0.72 -1.54  1.09 -1.28 -1.16 -0.10 -0.74 -0.76 
 0.00  0.00  0.00  0.00 -1.30  2.07 -1.03  1.24 -1.77 -0.56 -5.45 -2.75 -1.76 -1.83  1.94 -2.54 -3.49 -1.95  2.30 -1.43 -0.66 -1.93 -0.18 -0.89 -0.46  0.28 -0.55  0.10 -1.27 -1.93 
 0.00  0.00  0.00 -0.74  0.52  1.15 -0.09 -1.97 -0.73  0.87 -2.97 -0.90 -4.82  0.49 -4.86  0.59 -5.75  0.44  1.39 -1.73 -2.82 -0.84 -3.94 -1.13 -3.97 -1.85  1.93 -2.48 -1.59  1.27 
 0.00  0.00  0.00 -0.29  0.83  0.73  0.44 -0.62  3.74  0.18 -1.77 -2.02 -1.96  3.03 -1.67 -2.37 -3.29 -2.57 -1.61 -0.53 -0.48 -0.61  0.90 -5.80 -3.16  2.15 -0.21 -0.63 -0.00  1.22 
 0.00  0.00  0.00  0.00  0.69  0.15 -5.71 -0.87 -1.80  2.61 -3.57 -0.14 -2.04  0.16  0.01 -2.56 -1.25 -2.31  2.02 -2.79 -0.21 -0.24 -2.15  0.21 -2.31  0.39 -0.82 -0.99 -1.14 -0.87 
 0.00  0.00  0.00  15.58 -0.06 -4.51  1.41 -1.43 -2.95 -1.47 -2.79 -1.68 -2.82  0.44 -2.76  0.42 -3.91  1.00 -1.01 -5.36  0.32 -1.08 -0.34 -1.46 -1.23 -1.16 -2.26 -1.39  0.19 -2.46 
 0.00  0.00  0.00  0.47 -2.01 -0.58 -0.35 -2.82  1.56  0.83 -1.15 -0.71 -1.35 -0.94  0.29 -1.58 -2.30 -0.48  4.21 -0.31 -0.87 -0.90 -2.22  3.19 -0.34 -2.07 -0.74  0.10  0.55  1.82 
 0.00  0.00  0.00  0.00  1.94  1.82 -1.24  2.55 -2.76  0.12  3.85  2.47 -0.90 -1.02 -0.23 -1.00 -1.28 -3.22  0.44 -1.72 -2.70 -0.17  0.46 -0.81 -1.43 -0.76 -1.44 -1.06 -0.64  0.36 
 0.00  0.00  0.00  0.00 -3.79  2.00  2.36 -1.22 -4.78 -0.57 -1.10 -0.16  1.04 -5.63  3.65 -2.17  0.14 -2.48 -5.14 -2.79 -1.13  0.68 -0.33 -2.82  2.10 -4.96  3.16  0.83 -5.39 -0.47 
 0.00  0.00  0.00  0.00  0.00 -4.13 -1.92  2.87 -4.44 -1.53  2.35 -2.90  1.50 -3.70 -3.18  0.83  1.47 -1.88 -0.29 -0.59  0.53 -4.43 -0.57  1.41 -0.60 -0.01 -3.39  2.14 -3.53  3.26 
 0.00  0.00  0.00  0.00 -1.94 -0.57 -2.02 -0.47 -0.18 -0.65  0.23 -2.52 -2.27 -1.39  1.06 -3.49 -0.22 -0.86 -0.82 -1.93 -1.52  0.14 -1.90  0.07 -1.98 -0.41 -3.45  1.86  0.45 -0.28 
 0.00  0.00  0.00 -1.26  0.00  3.07 -1.40 -1.49 -0.98 -1.97 -1.12 -1.68 -0.87 -4.73 -0.10 -1.06 -0.59  1.52  0.78  0.24 -0.32 -3.22  1.67 -1.51 -0.74 -2.01 -3.72 -2.74 -1.24  2.34 
 0.00  0.00  0.00  0.00  0.00  2.98  0.41 -2.31 -2.07 -2.51  0.73  2.47 -2.08 -1.72 -0.34 -1.79 -5.26  1.05  0.26 -0.57 -0.62  1.97 -0.84 -1.64  0.01 -1.49 -5.09 -2.30  1.38  2.89 
 0.00  0.00  0.00  0.00  0.00  0.64  1.14 -0.00 -1.58 -5.69 -0.93 -1.02 -2.36 -3.87 -2.48  0.12 -2.92  0.32 -0.49 -0.90 -2.82 -0.73  1.86 -0.25 -2.26 -1.23 -0.84 -1.20 -0.01 -2.92 
 0.00  0.00  0.00  0.00  0.00  3.10 -1.66 -1.09  1.45 -2.01 -2.33 -1.45 -2.81 -7.07 -1.60 -4.52  2.78 -1.83  3.54 -0.86  0.30 -0.87  1.68 -1.67 -3.01  0.39 -0.47 -1.54  1.85 -1.65 
 0.00  0.00  0.00  0.00  0.00 -1.35 -1.63  0.43 -2.40 -5.00 -3.02  0.18 -1.71 -4.96 -5.07 -0.90  0.75 -0.41 -4.52 -3.88 -1.31 -1.51 -0.60 -0.99  1.61 -0.49 -0.61 -1.97 -0.97 -1.09 
 0.00  0.00  0.00  0.00  0.00 -1.02 -2.91  1.40 -0.08 -1.01 -3.41 -1.63 -4.48 -0.15 -1.52 -0.77  3.29 -0.94  1.50 -1.41 -0.12  1.20  2.80  0.18  0.52  1.56 -4.04  0.15 -2.33 -0.79 
 0.00  0.00  0.00  0.00  0.00 -0.90  1.71 -1.20 -0.50 -0.68 -0.76  0.86 -0.24  1.02 -0.40 -2.64  1.88 -1.74 -1.39 -1.44 -3.16 -0.51 -1.85 -0.44  1.44  1.30 -2.97 -5.00 -2.91 -2.99 
 0.00  0.00  0.00  0.00  0.83 -1.91 -2.79  2.94 -0.11 -1.13 -1.43 -3.30 -3.46 -2.67 -0.75  2.66 -2.13 -3.16 -1.71 -3.10 -1.42  2.65  0.54 -2.10  2.31 -4.46 -1.32  4.17  0.28 -0.52 
 0.00  0.00  0.00  0.00 -0.84 -3.36  2.00 -0.70 -0.11 -1.28  0.38 -0.64 -0.74  0.25 -2.84  0.96 -2.40 -2.32  4.22 -4.08 -0.03 -2.96 -5.01 -0.36 -0.28 -3.07  0.63 -1.03 -2.17  1.70 
 0.00  0.00  0.00 -2.31  2.15 -2.35  3.30 -1.99 -0.62 -2.75 -2.98 -2.36  2.52  0.36 -2.78  1.13 -2.59 -3.33  1.03 -2.27 -5.99 -1.02 -3.30 -1.34  1.29 -0.10 -1.76 -0.41 -0.93 -1.66 
 0.00  0.00  0.00 -2.04 -3.61  0.12 -3.88  2.81 -1.05 -1.27 -0.09  0.63 -0.49 -0.62 -4.05 -3.32  0.99  0.93 -2.70 -1.60 -0.85 -2.83 -4.08  1.69  1.59 -1.32  3.82  0.60  0.22  1.20 
 0.00  0.00  0.00 -1.34 -0.12 -3.58 -2.12 -0.22 -1.27  0.32 -1.29 -2.52 -0.47 -1.60  1.43  1.14 -0.64 -2.87 -0.61 -2.69 -0.76  2.00 -2.64  1.04  0.07 -2.29 -2.20 -1.00  1.12 -0.45 
 0.00  0.00  0.00  0.00  0.43 -3.76 -0.08  1.76 -0.20 -0.28 -1.40 -4.53 -1.91  0.08 -2.94  3.14 -1.18  3.17 -0.47 -1.13  0.16 -1.10 -0.60 -1.25 -1.18 -0.96 -2.10  3.09 -0.87 -0.63 
 0.00  0.00  0.00 -1.68 -1.38 -4.66  3.83 -3.44  3.53 -4.59 -5.70  4.03 -2.28 -3.42 -10.67  0.48 -1.43 -1.33 -1.49  1.98  2.04 -1.66 -3.79 -3.67 -0.58 -0.89 -1.79 -1.51 -0.76 -1.87 
 0.00  0.00  0.00  0.00 -0.23 -0.06 -1.81  3.79 -1.80 -0.58  0.45 -0.65 -0.87 -0.02 -1.14 -3.27 -1.02  0.40 -1.26  0.19  0.75 -0.84 -0.81 -0.53 -2.78 -1.97 -2.10 -0.62 -3.19  2.82 
 0.00  0.00  0.00  0.00 -4.07  0.11  1.83 -0.06 -0.17 -3.47  2.26 -0.90 -1.30  0.72 -0.24 -0.64 -3.51 -0.57 -4.59 -5.13 -4.89 -1.08 -0.53 -0.07  0.58 -2.27  0.78 -5.04 -0.72  0.49 
 0.00  0.00  0.00  0.00 -1.79 -2.69  2.23  0.70  0.15  0.68 -2.61 -4.01 -2.95  0.28 -1.17  3.92  0.15  2.03 -0.55  1.93 -2.16 -0.38 -4.17 -1.72 -0.41 -2.62  1.59 -1.29 -3.91 -3.75 
 0.00  0.00  0.00  0.00 -2.18 -0.77 -4.53 -0.89  1.63 -4.40 -1.99 -0.86 -4.86 -2.11 -3.39 -2.69 -3.06  0.12  1.63  2.01 -0.25 -1.79 -1.30 -1.64  0.11 -1.26 -4.60 -1.05 -0.44 -3.48 
 0.00  0.00  0.00  0.00 -0.12 -2.15 -0.87  1.69 -0.33  0.04 -2.85 -2.93 -0.77 -3.10 -4.05 -4.68  1.70 -3.67  0.32 -4.01  0.13 -1.31 -2.07 -1.32 -3.52 -2.08 -0.55 -0.10 -1.64  3.60 

4253 - 4372
 8.37 -1.54  4.03 -2.45  5.09 -1.05 -0.15  1.59  0.31 -0.99  0.18  1.57  2.67  1.16 -2.38  1.87 -3.51  2.50  2.42  5.20 -1.30  1.36  3.21  5.85  3.04 -0.23  2.94  0.02  3.44  4.43 
 0.30  2.26  3.57  0.40 -0.77  4.97  1.62  3.39  2.84 -0.90  2.14  3.65  0.92  3.94  1.03  0.97  2.76  5.07  1.98  0.98  1.42  3.29  1.33  2.27  2.45  1.25  2.44 -2.01  3.42  3.11 
 4.42 -0.09  5.97  2.04  3.32  3.74  1.22 -1.48 -2.90 -1.38  0.87  2.92  3.94  3.10  4.91  2.69  3.38 -3.37  6.88  2.36  6.57 -0.68  4.16  1.97  5.89  0.46  2.39  3.60  3.29  4.57 
 3.84  1.89  0.33  3.83  2.26  1.13  1.51  3.15 -0.88  4.21  6.79  3.31  3.04  1.88  4.25  0.11  4.63 -0.11 -0.67  3.49  1.04  3.32  3.60 -8.62  1.48  3.05  5.91  1.51  1.91 -1.29 
 5.45  0.76  3.26  3.17  3.56  3.67  3.37  2.84  4.57  1.27  3.10  5.96  4.73  0.17  1.88  1.71  4.47  3.24  1.66  2.37  3.28  3.63  1.62  2.44  3.20  0.61  3.30  1.79  2.23 -1.42 
 4.03  3.13  0.42  0.90  3.29  2.76  5.82  2.12 -0.24  1.48  3.29  5.37  4.97  2.42  4.09  1.35  3.04 -1.53  5.48  0.36  2.59  3.75  2.69  5.27  3.71  3.63  5.83 -1.14 -0.48  4.03 
 2.83  2.75  3.22  4.21  1.37  3.14  2.52 -2.37  6.57  3.70  0.80  1.59  0.00  2.96  3.91  2.98  1.76  1.87  0.26  3.71  0.65  3.52  1.76  0.05  1.70  2.23 -0.52  2.59  3.61  2.01 
 2.30  2.52  4.08  10.96 -0.24  4.95  2.50  4.94  0.52  2.85  0.09  0.55 -0.43 -0.51  5.45  1.27  0.25  6.07  4.95  4.45  1.51  2.44  3.94  1.99  3.68  3.20  0.31 -0.82  3.17  0.97 
 2.47  1.18  5.98  0.78  5.18  1.53  3.21 -1.37  3.85  1.45  2.56  2.58  2.72  0.47  2.33  4.05  0.28  2.06  4.82  3.51  4.93 -0.25 -0.72  1.63 -0.64  2.00  3.31  3.63  3.72  1.85 
 2.76  3.30  3.58  1.12  0.94  1.67  4.41  3.79  4.08  2.67 -0.20  1.36 -1.38 -0.22  2.76  0.63  0.40  5.67  1.71  4.03 -0.42  3.68  4.30  1.23  0.70  2.96 -0.33  2.87  3.28  1.52 
 4.57  0.88  6.02  2.86  2.27  3.81 -0.80  2.96  4.53  8.81  0.96  3.20  0.84  3.18  2.05  2.95  1.76  3.83  0.64  0.20  4.95  0.38  2.55  3.93  3.70  3.48  3.19  1.96  1.35  3.57 
 4.49  0.93  0.99  1.57  3.95  0.16  4.13  2.58  1.61 -0.87  1.12  3.00 -1.30  3.22  4.19  3.41 -4.37  5.73  2.86 -1.93  5.84  3.04  1.80  2.57  1.73  2.34  1.17 -0.29  3.95  1.89 
 4.63  3.29  1.33  2.36  1.56  3.36  0.13  2.96 -0.29  4.85 -3.41  3.94  0.54 -1.09  0.92  2.61  2.37  3.97  3.21  1.30  1.84  3.67  1.07  3.25  4.37  2.79 -1.13  3.86  1.94  5.51 
 4.22  2.29  2.73 -0.60  2.79  1.98  1.99  3.54  3.98  5.06  2.23  5.34  5.20 -0.25  5.16  4.72  1.69  1.31 -0.63 -2.80 -0.94  2.26  4.23  3.28 -0.81  3.07  2.75  3.65  1.12  1.28 
 4.48  3.21  3.03 -0.17  2.01  3.57  5.00  1.72  2.45 -1.57  2.71  3.27  4.82 -2.87  4.31  1.01  6.27  2.70  0.50  3.00  2.12  3.27  5.69  1.93  1.54 -1.67  6.00  3.40  1.98  2.85 
 2.63 -0.35  1.60  1.48  4.88 -0.58  2.81  4.85 -0.79  1.93  2.67 -0.69  6.36  0.14  0.85  4.08  3.12  5.04  3.46  3.91  5.53  1.24  2.41  5.85 -1.19  1.93 -1.48  2.38  0.84  7.58 
 2.52  0.40  0.54  3.73  1.61 -1.08  1.19  1.49  3.43  2.98  8.15  0.64 -3.37  2.33  5.56  4.05  3.61  4.81  0.95  3.18  2.60  1.44  2.38  1.81  2.75  2.64 -0.71  3.64  2.97  2.53 
 6.57  2.92  1.41  1.02 -1.44  5.19  0.34  2.23  0.42  3.96  2.47  2.64  3.16  0.45  1.42  1.14  1.68  2.44  4.10  0.17  3.19  0.52  4.79 -1.31 -1.97 -0.51  2.32 -1.60  6.80  4.17 
 5.21  1.22  3.14  1.92  4.25  7.95 -1.39  1.90  1.21  1.81  3.97  3.39  2.54 -1.14  0.84  1.92 -0.05  3.89  3.25  4.31  5.77  2.59  2.70  0.74  2.30  2.90  2.96  1.81  3.25  6.24 
 4.63  1.20  4.89 -1.86  1.91  4.14  2.15  4.77 -6.39  0.38 -1.17  1.05 -7.45  1.97 -0.85  1.83  0.19  0.36  2.28  0.60  0.16  4.93  2.14  7.16  2.17  0.56  2.05  2.24  4.17  0.74 
 4.51  2.82  2.20  6.31  0.22  2.64  2.37  0.84  5.49  5.73  2.84  3.32  2.06  1.79  3.49  3.49  6.69  1.35  9.76  2.75  2.66  1.91  4.39  3.23 -1.09  4.43  2.01  2.08 -1.26  2.38 
 5.03  2.71  2.58  1.49  3.82  3.66  3.05  5.12  1.10  0.43  1.02  4.58 -1.42 -1.24  1.80 -0.15  1.63  1.42 -1.64  1.18  2.09  2.85  5.85  3.54  2.75  3.31  4.05  1.27  2.44  3.57 
 5.92  1.04 -2.97  0.42  2.54  5.55 -1.59  1.96  4.29  2.69 -0.79  1.69  0.64  3.88  2.19  3.03  2.48  3.14  2.21  2.96  5.56  4.12  3.69  6.52  4.27  2.37 -0.47  3.00  0.16  2.40 
 6.04  3.22  1.86  3.15  1.97  0.77  3.91  6.85  4.52  2.30  2.24  2.31  4.32  3.82  5.89  3.20  0.63  4.72  2.09  1.39  2.69  2.91  1.86  3.97  4.28  2.47 -0.95 -2.05  2.08  1.20 
 7.77 -0.02  2.52  4.67  6.25  0.70 -4.17  6.66 -0.07  3.19  2.45  2.53 -2.30 -0.94  2.29  3.55  0.26 -3.37  3.89  2.26  2.06  2.50  3.11  1.96  3.17  1.93  3.62  5.19  2.75  1.12 
 4.62  2.18  3.78  3.08  3.45  3.97  1.63 -0.51  6.25  2.84  0.85  3.83  3.77  3.70  1.04  3.86  1.05 -1.84  1.36  3.19  2.51  2.45 -0.35  3.72  2.95  2.05  2.97  3.09  0.67  4.67 
 5.44 -3.59  5.70  1.99  5.30  0.33  6.36  2.32  2.45  2.63  3.99 -0.45  5.55  3.82  0.14  4.76 -2.52  0.67  5.16  6.37  1.44  2.46  2.76  4.18  2.84  2.26  4.33  1.19  2.72  2.02 
 5.18  2.02 -0.67  2.75  2.59  0.08  2.64  6.77  3.11  4.27  5.42  2.21 -1.18  0.92  2.21  4.68  4.36  2.71  0.98  0.27  2.39  1.17 -0.74  5.74  4.59  2.17  5.23  3.65 -1.71  0.64 
 7.79  2.72  3.73  4.12  2.26  1.24  1.03  4.52  3.71  1.99  3.36 -1.88  3.99  3.74  5.08  3.79  3.36  1.76  3.66  2.33  2.62  6.72  2.57  1.40  1.89  1.51  0.89  0.47  3.17  1.53 
 5.89  1.95  2.35  0.43 -0.12  0.66  3.85  4.41  6.33  2.89  2.38 -0.51  3.56  3.31  2.35  2.34  3.14  6.39  0.90  1.87  4.31 -2.52  6.43  1.81  3.13  2.67  1.92  3.50  0.05  5.94 
 3.66 -0.77 -3.68  2.82  0.61 -0.61  2.56 -0.18  5.52 -0.40  0.82  5.98  8.76  4.81  0.94  3.81  1.64  1.23  3.32  3.16  5.70  2.13 -0.07  2.78  3.40 -0.74  2.58  1.15  1.55  1.82 
 5.06 -0.02  1.07  2.98  4.70  1.05 -2.77  3.45 -0.27  2.62  4.61 -0.74  1.53  2.79  2.37  0.24  3.81  3.38  0.23 -6.03  2.10  1.31  4.19  5.39 -3.21  1.86  1.19  3.05  1.10  6.05 
 6.54  3.22  1.27  1.34 -0.07  1.23  5.33  1.98  0.25  3.98  4.42  3.69 -0.29  0.25  5.35  2.46  2.14  2.04 -1.30  1.56  2.30  0.89  3.04  3.19  3.34  0.78  3.08 -1.33  4.55  1.07 
 6.08  1.29  1.82 -0.18  2.38  3.52  4.77  7.81  5.06  4.37  1.72  3.76 -2.06  3.16  2.05  1.64  1.01  1.76  4.08  2.65  1.48 -0.10  1.59  2.52  2.92  1.11  5.17  2.15 -1.36  1.51 
 1.81 -0.38  4.81  0.80  3.87 -0.39  3.49  0.20  4.55  0.62  1.01  2.62  1.65  3.58 -0.73  6.44 -0.51  4.67  3.84  2.17  2.03  1.32  2.91  1.97  1.33  1.10  2.94  2.93  5.20  0.32 
 5.27  1.98  6.25  1.18  3.46  1.07  2.23  2.50  2.01  2.69  0.80 -0.04  3.72  1.26  0.49  2.35  1.89  0.55  3.05 -2.11  0.83  5.36  2.64  4.33  3.41  2.11 -0.98 -1.41  0.23  3.23 

4397 - 4566
 8.33 -1.54  4.01 -2.47  5.08 -1.09 -0.16  1.57  0.28 -1.01  0.14  1.54  2.63  1.13 -2.42  1.85 -3.53  2.45  2.39  5.29 -1.06  1.55  3.49  5.89  2.99 -0.26  2.58 -0.01  3.42  4.40 
 0.26  2.22  3.56  0.36 -0.79  4.93  1.60  3.38  2.82 -0.93  2.10  3.61  0.89  3.90  0.99  0.93  2.72  5.04  1.95  0.94  1.40  4.77  1.44  2.47  2.40  1.21  2.38 -2.05  3.38  3.09 
 4.45 -0.11  5.94  2.01  3.29  3.71  1.18 -1.51 -2.93 -1.44  0.77  2.89  3.91  3.07  4.88  2.64  3.33 -3.39  6.85  2.33  6.64  0.84  4.30  3.47  5.83  0.42  2.35  3.48  3.26  4.53 
 3.72  1.89  0.28  3.81  2.22  1.11  1.47  3.09 -0.91  4.18  6.76  3.27  3.01  1.86  4.20  0.08  4.58 -0.26 -0.69  3.45  1.20  3.61  3.69 -8.48  1.42  3.01  5.86  1.47  1.87 -1.31 
 5.36  0.74  2.10  3.16  3.53  3.61  3.35  2.81  4.52  1.24  3.07  5.92  4.69  0.13  1.85  1.69  4.41  3.18  1.61  2.23  3.66  3.77  1.81  2.72  3.10  0.56  3.27  1.71  2.19 -1.45 
 3.96  3.07  0.41  0.88  3.26  2.73  5.79  2.10 -0.28  1.44  3.11  5.33  4.93  2.39  4.07  1.31  3.00 -1.59  5.43  0.33  2.72  3.98  2.84  5.48  3.67  3.60  5.79 -1.18 -0.52  4.97 
 2.81  2.70  3.20  4.20  1.34  3.12  2.49 -2.41  6.54  3.67  0.77  1.54 -0.04  2.94  3.88  2.94  1.72  1.84  0.22  3.67  0.83  3.69  1.84  0.12  1.63  2.18 -0.57  2.55  3.56  1.98 
 2.25  2.49  4.06  10.95 -0.26  4.94  2.47  4.91  0.49  2.83  0.06  0.53 -0.46 -0.56  5.40  1.22  0.22  6.01  4.90  4.41  1.58  2.52  4.06  2.26  3.65  3.16  0.27 -0.86  3.12  0.54 
 2.44  1.15  5.95  0.75  5.14  1.51  3.16 -1.41  3.79  1.43  2.52  2.53  2.70  0.44  2.30  4.01  0.23  2.00  4.77  3.50  4.97 -0.07 -0.61  1.89 -0.70  1.96  3.25  3.56  3.67  1.80 
 2.81  3.26  3.56  1.09  0.89  1.65  4.37  3.75  4.04  2.64 -0.23  1.29 -1.41 -0.29  2.65  0.58  0.35  5.82  1.76  3.98 -0.30  3.76  4.37  1.42  0.63  2.93 -0.36  2.83  3.24  1.49 
 4.55  0.83  5.97  2.83  2.24  3.78 -0.83  2.91  4.49  8.79  0.93  3.15  0.79  3.13  2.03  2.89  1.72  3.80  0.58  0.15  5.12  0.46  2.75  3.16  3.65  3.44  3.16  1.92  1.26  3.53 
 4.49  0.88  0.97  1.52  3.92  0.13  4.10  2.55  1.57 -0.90  1.10  2.93 -1.16  3.18  4.16  3.35 -4.42  5.69  2.82 -1.76  6.01  3.18  2.02  2.70  1.69  2.35  1.13 -0.32  3.91  1.84 
 4.57  3.27  1.32  2.34  1.53  3.33  0.09  2.97 -0.32  4.82 -3.43  3.92  0.43 -1.12  0.90  2.56  2.34  3.90  3.16  1.26  1.97  3.71  1.54  3.26  4.35  2.78 -1.16  3.82  1.89  5.48 
 4.19  2.26  2.70 -0.62  2.76  1.94  1.96  3.49  3.94  5.03  2.18  5.32  5.16 -0.34  5.13  4.68  1.63  1.27 -0.67 -2.82 -0.74  2.36  4.35  4.10 -0.84  3.08  2.72  3.61  1.09  1.25 
 4.52  3.17  3.32  -0.14  1.98  3.54  4.96  1.70  2.42 -1.60  2.69  3.23  4.78 -2.91  4.25  1.04  6.49  2.65  0.44  3.04  2.24  3.48  5.80  2.19  1.51  0.00  6.01  3.35  1.96  2.81 
 2.61 -0.37  1.57  1.54  4.85 -0.63  2.77  4.83 -0.83  1.89  2.65 -0.71  6.33  0.09  0.80  4.04  3.08  4.99  3.40  4.16  5.64  1.48  2.52  5.68 -1.21  1.90 -1.51  2.35  0.00  7.41 
 2.51  0.35  0.53  3.71  1.60 -1.10  1.16  1.44  3.39  2.95  8.11  0.62 -3.40  2.29  5.60  4.02  3.57  4.78  0.91  3.15  2.57  1.85  2.62  2.27  2.70  2.55 -0.75  3.59  2.92  2.55 
 6.59  2.89  1.40  1.00 -1.47  5.16  0.30  1.87  0.40  3.92  2.44 2.66  3.14  0.40   1.43  1.09  1.65  2.37  4.07  0.13  3.78  0.68  4.99 -1.01 -2.00 -0.53  2.27 -1.63  6.75  4.14 
 4.52  1.17  3.11  1.80  4.22  7.91 -1.43  1.86  1.17  1.77  3.84  3.36  2.49 -1.21  0.78  1.88 -0.11  3.86  3.20  4.25  5.93  0.91  2.90  0.88  2.25  2.88  2.93  1.78  3.22  6.20 
 4.64  1.14  4.78 -1.88  1.88  4.09  2.12  4.73 -6.45  0.34 -1.22  1.01 -7.47  1.93 -0.87  1.78  0.14  0.31  2.23  0.58  0.40  5.24  2.41  7.54  2.12  0.53  2.00  2.19  4.13  0.70 
 4.48  2.78  2.17  6.29  0.18  2.60  2.32  0.80  5.45  5.69  2.81  3.28  2.03  1.75  3.44  3.44  6.64  1.30  9.71  2.71  3.28  2.33  4.41  3.89 -2.95  4.37  1.95  2.05 -1.31  2.36 
 5.03  2.69  2.56  1.48  3.78  3.63  3.02  5.09  1.06  0.38  0.98  4.55 -1.44 -1.28  1.76 -0.20  1.58  1.39 -1.69  1.15  1.94  3.09  5.96  3.80  2.72  3.27  4.03  1.23  2.40  3.53 
 5.94  1.00 -2.99  0.39  2.51  5.50 -1.64  1.91  4.18  2.64 -0.82  1.61  0.61  3.83  2.15  2.99  2.43  3.10  2.16  2.92  5.78  4.44  3.90  6.85  4.24  2.32 -0.50  2.98  0.11  2.37 
 6.00  3.20  1.84  3.08  1.93  0.72  4.16  6.81  4.49  2.20  2.13  2.08  4.28  3.80  5.85  3.16  0.58  4.67  2.05  1.36  2.79  3.12  1.87  4.15  4.59  2.42 -0.99 -2.08  2.04  1.16 
 7.72 -0.07  2.49  4.62  6.21  0.67 -4.23  6.60 -0.10  3.15  2.43  2.49 -2.34 -0.98  2.23  4.14  0.21 -3.42  3.86  2.20  2.44  2.60  3.24  2.69  3.13  3.95  2.88  5.15  2.69  1.08 
 4.46  2.15  3.75  3.05  3.43  3.93  1.98 -0.55  6.21  2.81  0.83  3.80  3.72  3.68  0.99  3.83  1.01 -1.88  1.32  3.18  2.66  5.09  0.19  3.95  2.80  2.10  2.94  3.06  0.64  4.55 
 5.43 -3.60  5.67  1.96  5.28  0.30  6.33  2.27  2.42  2.61  3.95 -0.47  5.53  3.79  0.12  4.71 -2.55  0.63  5.13  6.30  1.45  2.66  3.26  4.77  2.65  2.25  4.25  1.16  2.68  1.97 
 5.14  2.00 -0.68  2.72  2.57  0.07  2.62  6.72  3.06  4.23  5.39  2.16 -1.20  0.85  2.20  4.64  4.32  3.07  0.92  0.19  2.96  1.80 -0.73  6.04  4.53  2.12  5.19  3.59 -1.74  0.59 
 7.76  2.68  3.72  4.11  2.23  1.21  1.02  4.49  3.67  1.97  3.33 -1.91  3.97  3.70  5.05  3.77  3.33  1.71  3.65  1.97  3.36  7.27  2.71  1.66  2.26  1.46  0.84  0.43  3.12  1.49 
 5.85  1.93  2.33  0.42 -0.20  0.64  3.82  4.37  6.28  2.87  2.34 -0.54  3.53  3.28  2.33  2.31  3.08  6.36  0.88  1.83  4.50 -2.00  6.99  1.99  3.09  2.68  1.87  3.41 -0.01  5.91 
 3.58 -0.78 -3.74  2.81  0.62 -0.62  2.53 -0.20  5.51 -0.43  0.79  5.95  8.73  4.77  0.90  3.74  1.60  1.19  3.27  3.12  7.42  2.75  0.34  2.97  3.51 -0.97  2.56  1.12  1.52  1.78 
 4.95 -0.08  1.06  2.96  4.66  1.03 -2.79  3.42 -0.31  2.57  4.57 -0.78  1.36  2.74  2.36  0.73  3.76  3.35 -0.06 -6.07  2.27  1.75  4.56  5.55 -3.26  1.83  1.15  3.02  1.06  5.90 
 6.53  3.22  1.24  1.32 -0.09  1.20  5.32  1.95  0.23  3.95  4.40  3.68 -0.32  0.23  5.31  2.43  2.12  1.99 -1.33  1.51  2.94  1.48  3.73  3.26  3.29  0.74  3.03 -1.37  4.52  1.03 
 6.29  1.26  1.81  0.24  2.50  3.51  4.74  7.79  5.03  4.35  1.69  3.73 -2.09  3.12  1.97  1.61  0.98  1.73  4.04  2.62  1.62  0.73  2.17  2.81  2.88  1.06  5.12  2.10 -1.42  1.47 
 1.77 -0.42  4.78  0.80  3.85 -0.45  3.47  0.18  4.52  0.60  1.02  2.61  1.63  3.54 -0.75  6.42 -0.54  4.64  3.80  2.18  2.05  1.67  3.22  2.13  1.32  1.02  2.92  2.84  5.15  0.29 
 5.27  1.94  6.23  1.18  3.44  1.06  2.22  2.46  2.00  2.68  0.78 -0.07  3.70  1.23  0.47  2.83  1.87  0.48  2.79 -2.10  1.08  5.65  2.96  4.54  3.22  2.14 -1.00 -1.43  0.19  3.19 

 4588 - 4628
 0.00  0.00  4.30 -2.21  5.35 -0.81  0.11  1.80  0.55 -0.76  0.40  1.78  2.87  1.38 -2.15  2.08 -3.29  2.67  2.62  5.42 -0.76  1.86  3.79  6.18  3.43  0.18  3.17  0.22  3.62  4.64 
 0.00  0.00  3.83  0.65 -0.50  5.23  1.87  3.66  3.09 -0.66  2.38  3.88  1.14  4.18  1.26  1.20  2.99  5.30  2.21  1.17  1.65  5.81  1.76  2.83  2.66  1.55  2.61 -1.84  3.59  3.39 
 0.00  0.00  6.26  2.35  3.61  4.03  1.49 -1.20 -2.64 -1.17  1.07  3.18  4.21  3.38  5.17  2.92  3.60 -3.11  7.09  2.59  6.92  2.00  4.62  4.02  6.26  0.80  2.62  3.46  3.48  4.75 
 0.00  0.00  0.65  4.13  2.59  1.44  1.81  3.40 -0.60  4.51  7.08  3.58  3.32  2.17  4.50  0.37  4.87 -0.03 -0.42  3.73  1.52  4.00  4.00 -8.17  1.83  3.18  6.11  1.72  2.09 -0.93 
 0.00  0.00  2.48  3.56  3.90  3.77  3.69  3.14  4.86  1.57  3.40  6.23  5.01  0.44  2.14  2.00  4.72  3.47  1.89  2.41  4.07  4.11  2.19  3.13  3.28  0.92  3.57  1.87  2.39 -1.27 
 0.00  0.00  0.78  1.28  3.69  3.13  6.16  2.47  0.12  1.80  3.41  5.68  5.28  2.70  4.37  1.62  3.32 -1.27  5.74  0.62  3.03  4.33  3.20  5.83  4.11  4.16  6.00 -0.97 -0.29  5.24 
 0.00  0.00  3.63  4.63  1.76  3.54  2.87 -2.02  6.94  4.05  1.14  1.93  0.31  3.28  4.19  3.29  2.03  2.16  0.53  3.96  1.16  4.04  2.16  0.49  2.22  2.65 -0.50  2.77  3.81  2.24 
 0.00  0.00  4.52  11.39  0.17  5.23  2.88  5.32  0.87  3.22  0.43  0.90 -0.10 -0.19  5.75  1.57  0.55  6.34  5.21  4.72  1.90  2.87  4.39  2.67  4.17  3.64  0.55 -0.61  3.35  1.97 
 0.00  0.00  6.42  1.21  5.62  1.95  3.56 -0.98  4.23  1.83  2.90  2.93  3.04  0.82  2.67  4.37  0.55  2.30  5.09  3.81  5.30  0.34 -0.21  2.28 -0.12  2.50  3.49  3.84  3.87  1.98 
 0.00  0.00  4.10  1.56  1.40  2.10  4.81  4.18  4.48  3.05  0.15  1.68 -1.04  0.10  3.04  0.93  0.70  6.21  2.09  4.28  0.09  4.12  4.77  1.83  1.07  3.35 -0.10  3.08  3.47  1.69 
 0.00  0.00  6.55  3.37  2.74  4.27 -0.35  3.34  4.92  9.25  1.34  3.57  1.22  3.51  2.42  3.27  2.09  4.14  0.92  0.48  5.51  0.82  3.12  3.31  4.47  3.90  3.41  2.16  1.17  3.72 
 0.00  0.00  1.49  2.12  4.45  0.63  4.57  3.03  2.01 -0.49  1.52  3.36 -0.70  3.58  4.54  3.74 -4.02  6.05  3.16 -1.40  6.40  3.58  2.42  3.07  2.12  2.89  1.40 -0.08  4.15  2.07 
 0.00  0.00  1.93  2.90  2.00  3.84  0.60  3.34  0.16  5.26 -3.00  4.33  0.89 -0.70  1.31  2.97  2.73  4.27  3.53  1.59  2.34  4.06  2.01  3.60  4.77  3.12 -0.91  4.07  2.15  5.68 
 0.00  0.00  3.29 -0.02  3.38  2.51  2.41  3.97  4.42  5.49  2.63  5.75  5.59  0.09  5.54  5.06  2.04  1.65 -0.28 -2.46 -0.30  2.59  4.55  4.62 -0.15  3.77  3.02  3.83  1.34  1.46 
 0.00  0.00  3.81  0.37  2.51  4.05  5.44  2.16  2.90 -1.14  3.10  3.67  5.25 -2.48  4.69  1.35  6.85  3.03  0.82  3.44  2.62  3.90  6.20  2.63  1.83  1.74  6.18  3.59  2.21  3.06 
 0.00  21.17  2.22  2.03  5.47 -0.04  3.28  5.36 -0.33  2.35  3.10 -0.27  6.77  0.52  1.21  4.44  3.50  5.39  3.76  4.44  6.08  1.93  2.91  6.01 -0.83  2.45 -1.35  2.60  0.95  7.58 
 0.00  0.00  1.18  4.35  2.25 -0.57  1.69  2.11  3.89  3.45  8.59  1.08 -2.95  2.76  5.91  4.42  3.99  5.17  1.28  3.53  3.04  2.36  3.04  2.76  2.96  3.44 -0.47  3.72  3.17  2.86 
 0.00  32.81  1.98  1.65 -0.95  5.64  0.85  2.38  0.90  4.42  2.91  3.05  3.60  0.86  1.79  1.52  2.07  2.77  4.45  0.49  4.32  1.11  5.41 -0.58 -1.64  0.10  2.82 -1.30  7.02  4.37 
 0.00  0.00  0.00  2.53  4.88  8.39 -0.91  2.40  1.68  2.28  4.32  3.86  2.94 -0.74  1.23  2.31  0.29  4.25  3.60  4.66  6.37  1.25  3.33  1.36  2.67  3.27  3.48  2.05  3.48  6.32 
 0.00  0.00  5.05  -1.00  2.46  4.64  2.70  5.25 -5.96  0.81 -0.74  1.49 -7.03  2.39 -0.43  2.19  0.54  0.69  2.61  0.96  0.86  5.72  2.84  8.01  2.66  0.91  2.30  2.45  4.39  0.94 
 0.00  6.52  2.81  6.99  0.74  3.14  2.85  1.29  5.94  6.14  3.28  3.73  2.49  2.20  3.86  3.85  7.08  1.72  10.10  3.09  3.70  2.88  4.79  4.39 -0.58  4.92  2.19  2.33 -1.07  2.62 
 0.00  0.00  3.17  2.09  4.38  4.19  3.55  5.64  1.55  0.90  1.46  5.00 -0.97 -0.85  2.17  0.22  2.01  1.79 -1.30  1.51  2.29  3.56  6.32  4.26  3.32  3.83  4.31  1.49  2.62  3.75 
 0.00  6.88 -2.17  -1.22  3.05  6.04 -1.14  2.42  4.64  3.15 -0.37  2.06  1.04  4.29  2.59  3.39  2.86  3.47  2.52  3.28  6.24  4.93  4.30  7.31  4.76  2.87 -0.21  3.24  0.36  2.57 
 0.00  0.00  2.38  3.79  2.51  1.32  4.76  7.29  4.96  2.67  2.61  2.39  4.71  4.25  6.28  3.56  0.98  5.06  2.42  1.71  3.03  3.57  2.25  4.54  5.47  3.09 -0.22 -1.83  2.29  1.39 
 0.00 -8.28  3.12  5.24  6.80  1.15 -3.69  7.12  0.38  3.63  2.90  2.94 -1.91 -0.56  2.65  4.55  0.61 -3.02  4.23  2.55  2.88  2.99  3.67  3.20  3.33  4.63  2.58  5.42  2.95  1.28 
 0.00  0.00  4.28  3.61  3.96  4.43  2.44 -0.06  6.70  3.27  1.24  4.23  4.15  4.08  1.37  4.20  1.41 -1.49  1.67  3.53  3.06  5.44  0.62  4.34  3.57  2.57  3.22  3.32  0.86  4.87 
 0.00  0.00  6.22  2.42  5.78  0.81  6.79  2.74  2.85  3.04  4.39 -0.05  5.93  4.21  0.51  5.09 -2.19  0.99  5.47  6.65  1.51  3.06  3.69  5.22  4.05  2.94  5.09  1.41  2.89  2.15 
 0.00  0.00 -0.18  3.24  3.06  0.53  3.08  7.16  3.51  4.66  5.82  2.58 -0.79  1.24  2.56  5.02  4.68  3.49  1.29  0.04  3.43  2.30 -0.37  6.44  5.20  2.65  5.40  3.82 -1.60  0.78 
 0.00  0.00  4.17  4.62  2.74  1.65  1.38  4.90  4.08  2.39  3.68 -1.52  4.36  4.07  5.40  4.11  3.70  2.05  3.98  2.11  3.83  7.69  3.07  2.06  2.97  1.68  1.22  0.64  3.35  1.59 
 0.00  0.00  2.78  0.90  0.23  1.07  4.23  4.79  6.67  3.26  2.73 -0.18  3.54  3.63  2.67  2.66  3.42  6.67  1.21  2.16  4.89 -1.54  7.40  2.36  3.88  3.08  2.15  3.18  0.23  6.07 
 0.00  0.00 -3.29  3.26  1.04 -0.20  2.95  0.20  5.89 -0.05  1.13  6.31  9.08  5.10  1.22  4.06  1.94  1.13  3.32  3.43  8.40  3.18  0.75  3.31  4.81  1.62  3.15  1.33  1.76  2.00 
 0.00  0.00  1.48  3.35  5.10  1.39 -2.42  3.81 -0.27  2.94  4.92 -0.47  1.68  3.07  2.68  1.05  4.08  3.66  0.10 -5.78  2.63  2.18  5.01  5.59 -2.78  2.23  1.43  3.24  1.25  6.13 
 0.00  0.00  1.47  1.69  0.25  1.59  5.65  2.29  0.57  4.28  4.71  4.00  0.00  0.57  5.62  2.71  2.42  2.28 -1.03  1.81  3.33  1.87  4.14  3.53  3.74  1.58  3.19 -1.16  4.70  1.23 
 0.00  0.00  2.17  0.60  2.88  3.85  5.05  8.12  5.34  4.68  1.99  4.03 -1.81  3.40  2.26  1.88  1.26  1.99  4.30  2.88  1.93  1.16  2.57  3.18  3.40  2.02  5.31  2.31 -1.23  1.64 
 0.00  0.00  4.74  1.15  4.17 -0.18  3.79  0.45  4.79  0.89  1.32  2.90  1.91  3.82 -0.49  6.69 -0.28  4.89  4.06  2.44  1.92  2.07  3.54  2.42  1.83  1.73  3.12  2.85  5.29  0.47 
 0.00  0.00  6.59  1.47  3.73  1.36  2.49  2.74  2.23  2.95  1.00  0.20  3.96  1.49  0.71  3.08  2.14  0.64  2.80 -1.85  1.43  5.98  3.28  4.82  3.90  2.89 -0.81 -1.26  0.36  3.35 

 4629 - 4671
 8.88 -0.94  4.49 -1.95  5.52 -0.59  0.29  2.00  0.70 -0.59  0.56  1.98  3.06  1.53 -1.95  2.28 -3.14  2.86  2.80  5.59 -0.63  2.05  3.95  6.30  3.57  0.32  3.08  0.35  3.78  4.76 
 1.00  2.84  4.18  0.86 -0.26  5.40  2.09  3.85  3.28 -0.49  2.56  4.06  1.29  4.35  1.39  1.35  3.13  5.49  2.36  1.33  1.85  5.99  1.94  3.00  2.84  1.73  2.78 -1.67  3.75  3.54 
 5.20  0.54  6.48  2.55  3.76  4.19  1.66 -1.02 -2.49 -0.98  1.27  3.34  4.36  3.53  5.31  3.09  3.74 -2.99  7.27  2.74  7.09  2.14  4.74  4.14  6.37  0.95  2.78  3.65  3.63  4.92 
 4.54  2.56  0.89  4.39  2.77  1.61  1.95  3.57 -0.43  4.66  7.22  3.76  3.46  2.34  4.64  0.47  5.03  0.13 -0.26  3.88  1.67  4.11  4.13 -8.03  1.99  3.38  6.28  1.88  2.24 -0.81 
 6.23  1.43  2.85  3.74  4.04  3.92  3.86  3.29  5.02  1.70  3.56  6.41  5.15  0.57  2.29  2.15  4.90  3.64  2.04  2.59  4.21  4.26  2.31  3.30  3.49  1.14  3.70  2.04  2.55 -1.11 
 4.85  3.79  0.98  1.41  3.85  3.30  6.28  2.62  0.27  1.94  3.55  5.81  5.40  2.86  4.53  1.76  3.46 -1.13  5.88  0.76  3.17  4.45  3.35  5.96  4.27  3.23  6.16 -0.80 -0.14  5.41 
 3.61  3.44  3.87  4.76  1.86  3.66  3.00 -1.93  7.03  4.17  1.23  2.06  0.42  3.39  4.33  3.41  2.15  2.28  0.64  4.08  1.27  4.13  2.28  0.60  2.41  2.84 -0.31  2.93  3.95  2.41 
 3.14  3.14  4.67  11.55  0.28  5.32  2.98  5.42  0.95  3.34  0.54  1.01  0.02 -0.09  5.87  1.69  0.63  6.46  5.37  4.81  2.03  2.97  4.53  2.82  4.33  3.76  0.67 -0.48  3.50  2.10 
 3.37  1.92  6.59  1.36  5.72  2.04  3.64 -0.91  4.36  1.92  2.97  3.07  3.16  0.93  2.78  4.49  0.64  2.42  5.21  3.94  5.43  0.43 -0.09  2.39 -0.01  2.62  3.62  3.99  4.01  2.14 
 3.75  3.87  4.17  1.63  1.48  2.16  4.91  4.24  4.58  3.14  0.21  1.79 -0.95  0.17  3.12  1.01  0.82  6.30  2.36  4.39  0.20  4.23  4.90  1.95  1.21  3.52  0.05  3.23  3.61  1.80 
 5.43  1.55  6.60  3.47  2.78  4.32 -0.29  3.40  4.99  9.51  1.42  3.64  1.32  3.61  2.52  3.35  2.18  4.23  1.05  0.60  5.61  0.93  3.24  3.43  4.60  4.07  3.54  2.29  1.44  3.87 
 5.28  1.61  1.54  2.20  4.51  0.70  4.63  3.09  2.06 -0.40  1.61  3.41 -0.61  3.68  4.64  3.84 -3.93  6.14  3.26 -1.31  6.51  3.72  2.53  3.17  2.28  3.08  1.52  0.05  4.26  2.23 
 5.43  4.01  1.84  2.96  2.06  3.90  0.67  3.47  0.22  5.34 -2.93  4.38  1.00 -0.63  1.40  3.08  2.80  4.34  3.64  1.67  2.43  4.17  2.09  3.73  4.91  3.27 -0.78  4.20  2.27  5.82 
 5.17  3.00  3.36  0.03  3.38  2.56  2.45  4.16  4.49  5.56  2.71  5.78  5.65  0.17  5.62  5.15  2.12  1.73 -0.20 -2.36 -0.20  2.75  4.75  4.70 -0.03  3.88  3.14  3.97  1.45  1.58 
 5.33  3.85  3.88  0.42  2.53  4.13  5.48  2.20  2.95 -1.08  3.15  3.75  5.33 -2.39  4.76  1.42  6.94  3.12  0.92  3.54  2.69  4.05  6.30  2.72  1.95  1.85  6.33  3.76  2.32  3.20 
 3.49  0.31  2.19  2.03  5.50  0.04  3.32  5.42 -0.27  2.42  3.15 -0.21  6.83  0.60  1.29  4.49  3.57  5.46  3.86  4.51  6.16  2.05  3.01  6.09 -0.68  2.60 -1.22  2.74  1.09  7.75 
 3.39  1.12  1.19  4.35  2.29 -0.56  1.76  2.17  3.94  3.51  8.64  1.13 -2.89  2.83  5.98  4.47  4.04  5.27  1.37  3.60  3.10  2.47  3.15  2.87  3.09  3.62 -0.33  3.94  3.29  2.98 
 7.57  3.72  2.03  1.65 -0.90  5.66  0.87  2.60  0.96  4.47  2.97  3.10  3.64  0.95  1.85  1.59  2.13  2.85  4.55  0.58  4.38  1.21  5.50 -0.50 -1.48  0.21  2.94 -1.16  7.14  4.50 
 6.32  1.97  3.73  2.57  4.90  8.41 -0.87  2.45  1.75  2.34  4.37  3.92  2.99 -0.67  1.32  2.39  0.35  4.32  3.67  4.74  6.47  1.36  3.43  1.42  2.76  3.37  3.60  2.15  3.59  6.48 
 5.58  1.86  5.23 -1.16  2.53  4.67  2.73  5.31 -5.94  0.85 -0.70  1.53 -6.96  2.44 -0.39  2.25  0.60  0.77  2.71  1.02  0.91  5.80  2.94  8.08  2.80  1.06  2.41  2.57  4.51  1.08 
 5.29  3.57  2.80  6.97  0.77  3.15  2.89  1.33  5.99  6.17  3.32  3.76  2.55  2.28  3.92  3.90  7.16  1.81  10.20  3.14  3.79  2.94  4.85  4.46 -0.43  4.91  2.33  2.44 -0.93  2.76 
 6.07  3.52  3.20  2.14  4.42  4.22  3.61  5.70  1.62  0.94  1.50  5.06 -0.89 -0.77  2.25  0.29  2.08  1.88 -1.21  1.63  2.39  3.66  6.41  4.33  3.46  3.99  4.43  1.63  2.78  3.87 
 6.94  1.83 -2.24  1.13  3.09  6.10 -1.08  2.48  4.68  3.24 -0.30  2.14  1.11  4.35  2.66  3.46  2.97  3.56  2.61  3.36  6.32  5.05  4.36  7.39  4.87  3.03 -0.10  3.33  0.46  2.71 
 6.93  3.94  2.41  3.86  2.55  1.42  4.79  7.33  5.02  2.74  2.66  2.47  4.76  4.31  6.37  3.68  1.08  5.16  2.50  1.81  3.09  3.69  2.32  4.67  5.59  3.22 -0.08 -1.68  2.42  1.54 
 8.80  0.87  3.20  5.29  6.84  1.22 -3.63  7.19  0.44  3.75  2.98  3.03 -1.83 -0.49  2.72  4.61  0.73 -2.92  4.32  2.67  2.97  3.09  3.77  3.26  3.45  4.77  2.95  5.56  3.08  1.44 
 5.44  2.79  4.38  3.67  4.00  4.54  2.53  0.03  6.78  3.36  1.29  4.33  4.23  4.16  1.44  4.31  1.49 -1.39  1.76  3.63  3.16  5.53  0.74  4.46  3.68  2.73  3.35  3.44  1.00  4.98 
 6.38 -2.86  6.32  2.48  5.84  0.88  6.85  2.86  2.90  3.09  4.44  0.07  6.02  4.28  0.61  5.20 -2.07  1.09  5.58  6.75  1.64  3.17  3.75  5.33  4.17  3.06  5.21  1.53  3.03  2.31 
 6.08  2.72 -0.06  3.35  3.15  0.64  3.14  7.24  3.58  4.73  5.87  2.69 -0.67  1.35  2.67  5.16  4.76  3.58  1.37  0.13  3.55  2.37 -0.28  6.56  5.32  2.79  5.60  3.96 -1.43  0.92 
 8.68  3.41  4.31  4.74  2.83  1.74  1.51  5.03  4.18  2.45  3.78 -1.40  4.46  4.20  5.49  4.24  3.79  2.13  4.09  2.21  3.89  7.78  3.18  2.17  3.10  1.84  1.37  0.82  3.52  1.74 
 6.86  2.64  2.87  1.04  0.35  1.19  4.34  4.92  6.76  3.42  2.85 -0.04  3.65  3.75  2.81  2.77  3.53  6.78  1.33  2.28  4.99 -1.43  7.49  2.45  4.01  3.25  2.30  3.33  0.38  6.24 
 4.47 -0.03 -3.04  3.41  1.18 -0.03  3.04  0.38  6.02  0.08  1.26  6.46  9.18  5.25  1.35  4.24  2.08  1.27  3.54  3.55  8.52  3.27  0.89  3.42  5.00  1.78  3.29  1.50  1.89  2.16 
 5.84  0.59  1.66  3.53  5.28  1.51 -2.29  3.99 -0.10  3.06  5.07 -0.32  1.86  3.19  2.81  1.19  4.20  3.75  0.26 -5.66  2.77  2.33  5.14  5.72 -2.63  2.40  1.60  3.39  1.43  6.28 
 7.29  3.85  1.74  1.86  0.34  1.74  5.80  2.42  0.72  4.49  4.84  4.14  0.14  0.68  5.78  2.89  2.55  2.42 -0.92  1.94  3.46  2.00  4.30  3.65  3.87  1.76  3.35 -1.02  4.86  1.36 
 7.14  1.93  2.29  0.84  3.06  4.01  5.22  8.29  5.49  4.80  2.15  4.17 -1.65  3.56  2.44  2.01  1.44  2.24  4.46  3.04  2.10  1.28  2.69  3.35  3.57  2.22  5.48  2.45 -1.05  1.82 
 2.55  0.30  5.00  1.36  4.38  0.08  3.96  0.71  5.00  1.08  1.45  3.05  2.07  3.98 -0.32  6.87 -0.13  5.10  4.22  2.60  2.08  2.25  3.70  2.60  2.01  1.90  3.29  3.03  5.47  0.62 
 6.05  2.59  6.60  1.70  3.96  1.55  2.61  2.96  2.46  3.11  1.25  0.35  4.14  1.67  0.91  3.27  2.30  0.86  2.96 -1.72  1.59  6.17  3.48  5.01  4.11  3.22 -0.67 -1.08  0.53  3.49 

 4672 - 4712
 9.12 -0.81  4.56 -1.91  5.57 -0.56  0.36  2.11  0.75 -0.56  0.59  2.01  3.12  1.59 -1.90  2.32 -3.09  2.85  2.85  5.57 -0.57  2.05  3.97  6.31  3.62  0.38  2.86  0.39  3.86  4.82 
 1.13  2.94  4.24  0.87 -0.23  5.46  2.10  3.88  3.33 -0.46  2.60  4.15  1.31  4.39  1.43  1.40  3.17  5.52  2.36  1.38  1.90  6.01  1.93  3.01  2.90  1.75  2.79 -1.63  3.80  3.58 
 5.28  0.57  6.53  2.55  3.82  4.22  1.67 -0.98 -2.45 -0.90  1.36  3.38  4.39  3.54  5.35  3.11  3.76 -2.97  7.28  2.76  7.12  2.15  4.77  4.18  6.42  0.97  2.82  3.66  3.67  4.97 
 4.64  2.60  0.90  4.44  2.83  1.62  2.01  3.65 -0.40  4.65  7.22  3.80  3.47  2.35  4.67  0.45  5.08  0.17 -0.24  3.92  1.69  4.15  4.13 -8.02  2.07  3.49  6.29  1.87  2.27 -0.74 
 6.23  1.47  2.86  3.73  4.06  3.98  3.89  3.30  5.06  1.72  3.58  6.42  5.15  0.63  2.31  2.20  4.91  3.63  2.07  2.64  4.23  4.27  2.31  3.35  3.53  1.21  3.75  2.08  2.61 -1.07 
 4.91  3.83  0.98  1.47  3.91  3.36  6.28  2.65  0.30  1.98  3.63  5.83  5.43  2.84  4.55  1.79  3.47 -1.11  5.89  0.77  3.20  4.48  3.35  5.95  4.30  2.26  6.19 -0.76 -0.12  5.43 
 3.72  3.47  3.91  4.79  1.95  3.62  2.96 -1.91  7.02  4.20  1.26  2.10  0.44  3.41  4.33  3.44  2.16  2.29  0.63  4.11  1.30  4.15  2.31  0.59  2.46  2.87 -0.26  2.97  3.97  2.43 
 3.19  3.22  4.72  11.52  0.27  5.30  2.97  5.45  0.92  3.34  0.56  1.02  0.01 -0.09  5.88  1.70  0.61  6.44  5.34  4.85  2.02  2.99  4.53  2.83  4.35  3.79  0.67 -0.46  3.52  2.11 
 3.42  1.92  6.64  1.36  5.76  2.06  3.62 -0.91  4.39  1.94  3.02  3.13  3.14  0.93  2.80  4.48  0.64  2.44  5.18  3.94  5.46  0.42 -0.09  2.40  0.04  2.63  3.61  3.98  4.06  2.13 
 3.75  3.92  4.17  1.61  1.51  2.17  4.92  4.24  4.58  3.12  0.22  1.79 -0.97  0.23  3.11  1.02  0.80  6.31  2.21  4.37  0.21  4.20  4.89  1.95  1.21  3.53  0.04  3.21  3.63  1.81 
 5.41  1.52  6.56  3.41  2.79  4.35 -0.29  3.38  4.99  9.40  1.41  3.63  1.33  3.59  2.50  3.34  2.20  4.22  1.09  0.60  5.59  0.90  3.24  3.43  4.59  4.07  3.56  2.30  1.52  3.89 
 5.31  1.69  1.53  2.26  4.51  0.73  4.61  3.12  2.07 -0.43  1.56  3.45 -0.59  3.66  4.63  3.80 -3.86  6.19  3.29 -1.29  6.48  3.71  2.52  3.15  2.28  3.11  1.53  0.05  4.27  2.24 
 5.45  4.07  1.90  2.97  1.99  3.89  0.64  3.50  0.22  5.34 -2.93  4.37  1.02 -0.64  1.40  3.11  2.81  4.33  3.64  1.67  2.39  4.18  2.10  3.73  4.92  3.28 -0.77  4.22  2.28  5.88 
 5.19  2.98  3.33  0.02  3.43  2.58  2.43  4.29  4.52  5.57  2.69  5.81  5.65  0.16  5.62  5.13  2.16  1.71 -0.19 -2.38 -0.18  2.78  4.86  4.69  0.00  3.88  3.16  3.99  1.48  1.56 
 5.39  3.81  3.83  0.37  2.57  4.09  5.50  2.20  2.99 -1.07  3.12  3.73  5.33 -2.39  4.77  1.40  6.90  3.11  0.92  3.50  2.69  4.04  6.32  2.73  1.98  1.89  6.33  3.78  2.32  3.23 
 3.52  0.29  2.21  2.01  5.53  0.03  3.30  5.43 -0.22  2.40  3.15 -0.19  6.82  0.59  1.25  4.47  3.55  5.50  3.85  4.50  6.13  2.02  2.98  6.10 -0.68  2.65 -1.24  2.76  1.12  7.78 
 3.49  1.09  1.17  4.34  2.33 -0.54  1.73  2.21  3.94  3.52  8.62  1.12 -2.92  2.84  5.98  4.46  4.02  5.26  1.35  3.61  3.10  2.44  3.17  2.90  3.12  3.65 -0.34  3.97  3.29  2.98 
 7.55  3.71  1.99  1.66 -0.90  5.61  0.88  2.76  0.96  4.48  2.98  3.10  3.62  0.94  1.87  1.60  2.13  2.82  4.54  0.59  4.36  1.21  5.50 -0.49 -1.48  0.24  2.93 -1.15  7.14  4.50 
 6.25  1.95  3.73  2.52  4.91  8.39 -0.91  2.44  1.74  2.31  4.36  3.92  2.98 -0.65  1.30  2.40  0.31  4.32  3.68  4.74  6.45  1.38  3.42  1.43  2.76  3.41  3.64  2.13  3.54  6.54 
 5.57  1.85  5.34 -1.17  2.48  4.66  2.73  5.28 -5.98  0.81 -0.71  1.53 -6.99  2.46 -0.42  2.21  0.62  0.77  2.71  0.98  0.90  5.82  2.94  8.07  2.83  1.06  2.41  2.58  4.51  1.14 
 5.31  3.56  2.81  7.04  0.75  3.13  2.91  1.32  5.97  6.14  3.30  3.73  2.53  2.30  3.87  3.90  7.12  1.79  10.20  3.12  3.79  2.92  4.84  4.43 -0.43  4.81  2.36  2.45 -0.92  2.79 
 6.10  3.45  3.16  2.17  4.43  4.24  3.60  5.70  1.59  0.97  1.52  5.02 -0.92 -0.78  2.23  0.33  2.10  1.89 -1.18  1.64  2.40  3.67  6.41  4.29  3.45  3.98  4.42  1.63  2.80  3.89 
 6.96  1.84 -2.22  1.07  3.12  6.10 -1.13  2.52  4.66  3.28 -0.30  2.14  1.10  4.37  2.67  3.49  3.04  3.61  2.61  3.34  6.32  5.06  4.37  7.36  4.95  3.05 -0.12  3.32  0.47  2.72 
 6.96  3.96  2.43  3.86  2.57  1.45  4.88  7.33  4.99  2.76  2.67  2.48  4.80  4.29  6.37  3.66  1.03  5.18  2.48  1.79  3.07  3.71  2.33  4.67  5.63  3.24 -0.05 -1.67  2.42  1.57 
 8.80  0.91  3.28  5.35  6.86  1.19 -3.62  7.21  0.44  3.80  3.00  3.02 -1.83 -0.47  2.73  4.60  0.70 -2.86  4.36  2.65  2.99  3.11  3.77  3.26  3.47  4.81  2.59  5.64  3.09  1.48 
 5.46  2.86  4.35  3.70  4.04  4.54  2.53  0.01  6.79  3.38  1.27  4.31  4.22  4.18  1.51  4.31  1.49 -1.36  1.76  3.66  3.17  5.54  0.73  4.48  3.68  2.76  3.36  3.46  1.03  5.03 
 6.43 -2.82  6.35  2.46  5.86  0.90  6.85  2.86  2.88  3.06  4.40  0.05  6.00  4.28  0.64  5.23 -2.07  1.11  5.60  6.79  1.67  3.19  3.75  5.30  4.17  3.11  5.21  1.55  3.06  2.36 
 6.16  2.77 -0.02  3.39  3.14  0.65  3.19  7.25  3.60  4.76  5.90  2.71 -0.68  1.36  2.67  5.23  4.77  3.62  1.38  0.15  3.56  2.38 -0.25  6.60  5.35  2.83  5.60  3.95 -1.39  0.96 
 8.76  3.46  4.37  4.80  2.92  1.77  1.60  5.01  4.21  2.50  3.79 -1.38  4.47  4.15  5.51  4.26  3.79  2.16  4.10  2.22  3.90  7.83  3.17  2.19  3.14  1.88  1.41  0.83  3.54  1.76 
 6.93  2.68  2.92  1.02  0.45  1.21  4.36  4.95  6.78  3.44  2.87 -0.03  3.70  3.76  2.85  2.79  3.55  6.82  1.31  2.30  5.02 -1.41  7.52  2.46  4.03  3.29  2.34  3.35  0.41  6.27 
 4.55  0.01 -2.99  3.47  1.19 -0.05  3.11  0.43  6.06  0.10  1.29  6.50  9.21  5.25  1.40  4.29  2.10  1.26  3.61  3.58  8.55  3.31  0.91  3.44  5.03  1.82  3.32  1.52  1.94  2.20 
 5.93  0.67  1.71  3.58  5.38  1.54 -2.26  4.04 -0.06  3.14  5.11 -0.26  1.91  3.21  2.82  1.23  4.24  3.76  0.29 -5.65  2.81  2.34  5.14  5.74 -2.60  2.45  1.69  3.41  1.46  6.32 
 7.38  3.95  1.77  1.89  0.40  1.78  5.81  2.44  0.77  4.56  4.88  4.17  0.16  0.71  5.75  2.89  2.60  2.44 -0.91  1.96  3.48  2.03  4.31  3.69  3.88  1.80  3.40 -0.96  4.90  1.41 
 7.24  2.01  2.34  0.95  3.12  4.07  5.27  8.32  5.50  4.79  2.19  4.20 -1.62  3.60  2.51  2.04  1.47  2.33  4.48  3.05  2.10  1.31  2.72  3.34  3.60  2.28  5.51  2.48 -1.01  1.86 
 2.62  0.35  5.07  1.41  4.44  0.19  4.05  0.76  5.02  1.09  1.47  3.10  2.09  3.99 -0.29  6.91 -0.07  5.15  4.26  2.60  2.13  2.28  3.75  2.62  2.05  1.93  3.33  3.04  5.51  0.65 
 6.12  2.65  6.83  1.79  4.02  1.57  2.69  3.01  2.52  3.18  1.34  0.41  4.16  1.70  0.94  3.29  2.35  0.91  3.04 -1.65  1.64  6.20  3.50  5.02  4.17  3.48 -0.65 -1.04  0.55  3.50 

 4713 - 4790
 8.95 -0.85  4.69 -1.83  5.65 -0.50  0.39  2.12  0.80 -0.52  0.62  2.04  3.20  1.60 -1.88  2.36 -3.10  2.89  2.87  5.63 -0.53  2.14  4.01  6.36  3.62  0.41  2.81  0.38  3.86  4.84 
 1.20  2.98  4.32  0.95 -0.13  5.50  2.17  3.96  3.36 -0.39  2.65  4.19  1.37  4.44  1.49  1.47  3.20  5.56  2.41  1.41  1.96  6.07  1.98  3.08  2.95  1.77  2.87 -1.61  3.85  3.56 
 5.33  0.66  6.62  2.58  3.84  4.23  1.64 -0.94 -2.42 -0.84  1.39  3.38  4.39  3.63  5.38  3.17  3.79 -2.87  7.34  2.85  7.11  2.15  4.79  4.25  6.49  1.05  2.89  3.74  3.66  5.00 
 4.69  2.66  0.97  4.51  2.85  1.69  2.08  3.67 -0.36  4.69  7.26  3.88  3.55  2.37  4.67  0.47  5.13  0.23 -0.19  3.95  1.67  4.18  4.17 -8.00  2.07  3.52  6.34  1.90  2.30 -0.70 
 6.27  1.52  2.96  3.81  4.07  4.03  3.94  3.33  5.05  1.77  3.57  6.47  5.19  0.68  2.35  2.19  5.02  3.67  2.09  2.73  4.27  4.31  2.33  3.41  3.54  1.25  3.74  2.08  2.63 -1.01 
 4.99  3.98  1.02  1.41  3.95  3.37  6.35  2.67  0.35  2.02  3.65  5.85  5.44  2.93  4.57  1.77  3.48 -1.05  5.93  0.78  3.20  4.49  3.40  5.95  4.31  2.45  6.20 -0.73 -0.11  5.47 
 3.69  3.60  3.97  4.73  1.98  3.69  3.03 -1.85  7.09  4.24  1.27  2.14  0.42  3.45  4.33  3.46  2.18  2.33  0.66  4.14  1.29  4.17  2.37  0.66  2.48  2.86 -0.19  2.97  3.96  2.42 
 3.17  3.30  4.75  11.56  0.22  5.32  3.08  5.51  0.99  3.36  0.60  1.03  0.03 -0.03  5.89  1.74  0.65  6.50  5.36  4.85  2.07  3.03  4.58  2.90  4.41  3.80  0.69 -0.48  3.53  2.11 
 3.40  1.94  6.72  1.34  5.75  2.06  3.63 -0.87  4.47  1.97  2.97  3.12  3.14  0.90  2.80  4.49  0.66  2.47  5.18  3.93  5.47  0.46 -0.05  2.41  0.04  2.69  3.63  3.96  4.10  2.15 
 3.67  3.93  4.21  1.59  1.47  2.21  4.96  4.25  4.55  3.15  0.20  1.85 -0.95  0.26  3.15  1.01  0.79  6.28  2.23  4.39  0.21  4.24  4.88  1.83  1.24  3.57  0.07  3.22  3.63  1.86 
 5.48  1.56  6.54  3.43  2.84  4.38 -0.30  3.36  5.00  9.41  1.44  3.69  1.35  3.64  2.49  3.33  2.17  4.20  1.10  0.61  5.63  0.90  3.23  3.42  4.58  4.07  3.56  2.30  1.64  3.88 
 5.32  1.71  1.58  2.21  4.51  0.74  4.67  3.12  2.07 -0.43  1.56  3.40 -0.58  3.70  4.61  3.80 -3.93  6.18  3.28 -1.31  6.53  3.71  2.53  3.14  2.26  3.12  1.51  0.06  4.31  2.30 
 5.43  4.07  1.87  2.97  2.03  3.87  0.65  3.31  0.27  5.43 -2.97  4.35  1.06 -0.58  1.42  3.13  2.81  4.34  3.66  1.65  2.39  4.23  2.08  3.75  4.96  3.30 -0.80  4.21  2.29  5.92 
 5.13  2.97  3.28  0.04  3.41  2.58  2.48  3.95  4.49  5.56  2.69  5.81  5.62  0.19  5.63  5.14  2.13  1.73 -0.16 -2.34 -0.16  2.79  4.84  4.72  0.03  3.85  3.17  4.01  1.49  1.58 
 5.36  3.93  3.94  0.35  2.58  4.12  5.50  2.18  2.98 -1.07  3.11  3.75  5.34 -2.39  4.78  1.43  6.91  3.12  0.91  3.49  2.69  4.05  6.33  2.73  1.98  1.90  6.39  3.78  2.33  3.24 
 3.55  0.32  2.24  1.93  5.54  0.11  3.31  5.47 -0.20  2.39  3.17 -0.15  6.85  0.62  1.28  4.44  3.54  5.48  3.85  4.47  6.16  2.08  2.98  6.10 -0.67  2.63 -1.19  2.76  1.16  7.79 
 3.47  1.13  1.20  4.38  2.33 -0.53  1.71  2.20  3.95  3.54  8.65  1.14 -2.93  2.88  5.94  4.45  4.03  5.26  1.37  3.54  3.11  2.41  3.15  2.89  3.14  3.69 -0.33  4.02  3.29  3.01 
 7.58  3.68  2.00  1.68 -0.89  5.64  0.96  2.14  1.00  4.48  3.00  3.09  3.62  0.95  1.86  1.60  2.13  2.81  4.54  0.58  4.38  1.22  5.49 -0.51 -1.47  0.23  2.94 -1.17  7.15  4.49 
 6.23  1.95  3.76  2.55  4.92  8.37 -0.89  2.46  1.75  2.32  4.35  3.92  2.97 -0.63  1.32  2.37  0.34  4.33  3.67  4.69  6.43  1.36  3.41  1.43  2.78  3.46  3.64  2.11  3.54  6.53 
 5.64  1.88  5.07 -1.12  2.43  4.66  2.74  5.27 -5.94  0.78 -0.71  1.49 -7.02  2.47 -0.41  2.20  0.60  0.80  2.71  1.02  0.86  5.85  2.91  8.06  2.85  1.09  2.44  2.56  4.48  1.09 
 5.31  3.59  2.87  7.01  0.76  3.13  2.92  1.29  5.98  6.17  3.29  3.74  2.51  2.33  3.88  3.86  7.15  1.83  10.19  3.09  3.74  2.88  4.86  4.44 -0.44  4.94  2.35  2.46 -0.93  2.79 
 6.15  3.55  3.21  2.15  4.44  4.29  3.66  5.68  1.59  0.98  1.52  5.03 -0.89 -0.76  2.22  0.35  2.04  1.88 -1.17  1.62  2.38  3.64  6.39  4.27  3.42  3.90  4.43  1.62  2.85  3.91 
 6.99  1.82 -2.18  1.08  3.12  6.06 -1.13  2.54  4.67  3.32 -0.27  2.18  1.10  4.42  2.72  3.48  3.04  3.64  2.62  3.32  6.33  5.05  4.35  7.37  4.92  3.03 -0.12  3.30  0.48  2.70 
 6.97  3.90  2.42  3.84  2.60  1.46  4.86  7.36  5.00  2.77  2.74  2.48  4.82  4.30  6.42  3.69  1.02  5.19  2.49  1.77  3.00  3.71  2.30  4.65  5.62  3.25 -0.03 -1.64  2.47  1.56 
 8.93  0.95  3.26  5.34  6.80  1.19 -3.58  7.24  0.46  3.83  3.00  3.05 -1.80 -0.45  2.71  4.63  0.70 -2.87  4.31  2.65  3.03  3.09  3.74  3.27  3.47  4.83  2.85  5.68  3.15  1.52 
 5.50  2.87  4.42  3.73  4.01  4.58  2.56  0.06  6.80  3.35  1.24  4.33  4.29  4.22  1.51  4.34  1.44 -1.35  1.76  3.65  3.18  5.51  0.74  4.47  3.67  2.83  3.40  3.49  1.04  5.02 
 6.40 -2.85  6.36  2.51  5.85  0.95  6.87  2.87  2.87  3.07  4.39  0.11  5.99  4.30  0.67  5.26 -2.05  1.13  5.59  6.75  1.68  3.19  3.77  5.29  4.18  3.14  5.19  1.59  3.09  2.39 
 6.14  2.72 -0.00  3.33  3.16  0.67  3.27  7.22  3.61  4.75  5.93  2.70 -0.68  1.38  2.69  5.22  4.76  3.58  1.37  0.11  3.60  2.37 -0.27  6.59  5.33  2.79  5.53  3.98 -1.38  0.96 
 8.75  3.43  4.33  4.76  2.92  1.78  1.60  5.01  4.22  2.46  3.77 -1.37  4.47  4.23  5.50  4.29  3.78  2.17  4.12  2.25  3.92  7.85  3.16  2.24  3.16  1.90  1.41  0.84  3.51  1.79 
 6.89  2.73  2.93  1.06  0.44  1.25  4.35  4.96  6.76  3.40  2.89  0.01  3.72  3.74  2.88  2.82  3.55  6.82  1.32  2.29  5.02 -1.38  7.51  2.46  4.02  3.29  2.35  3.35  0.43  6.32 
 4.57 -0.04 -2.93  3.55  1.24 -0.03  3.08  0.49  6.02  0.06  1.28  6.53  9.21  5.27  1.43  4.33  2.07  1.27  3.65  3.60  8.58  3.31  0.89  3.42  5.03  1.81  3.27  1.50  1.91  2.19 
 5.96  0.65  1.80  3.61  5.41  1.53 -2.28  4.08 -0.04  3.08  5.12 -0.29  1.94  3.21  2.84  1.19  4.25  3.74  0.31 -5.58  2.82  2.36  5.14  5.70 -2.58  2.43  1.76  3.43  1.47  6.31 
 7.41  4.01  1.81  1.93  0.40  1.78  5.85  2.46  0.78  4.53  4.91  4.21  0.22  0.73  5.78  2.92  2.57  2.48 -0.94  1.97  3.51  2.04  4.36  3.73  3.93  1.81  3.40 -0.95  4.95  1.46 
 7.33  2.04  2.37  0.94  3.14  4.05  5.26  8.34  5.49  4.83  2.21  4.26 -1.58  3.60  2.49  2.02  1.48  2.39  4.52  3.07  2.13  1.34  2.73  3.38  3.63  2.29  5.49  2.49 -0.96  1.91 
 2.64  0.45  5.10  1.45  4.50  0.26  4.08  0.81  5.04  1.19  1.54  3.10  2.09  4.03 -0.23  6.92 -0.08  5.18  4.30  2.61  2.13  2.32  3.76  2.62  2.04  1.99  3.34  3.05  5.55  0.68 
 6.07  2.66  6.84  1.84  4.05  1.65  2.73  3.09  2.63  3.24  1.38  0.40  4.25  1.79  0.98  3.33  2.38  1.00  3.09 -1.62  1.66  6.23  3.54  5.05  4.18  0.00 -0.65 -1.07  0.58  3.58 

4728 - 4747
 13.39  3.32  8.74  2.36  9.89  3.57  4.77  7.35  5.93  4.88  5.67  7.11  8.16  6.71  3.16  7.43  1.96  7.73  7.87  10.60  4.50  7.04  8.75  11.05  8.57  5.18  7.80  5.86  9.13  9.97 
 5.34  7.17  8.44  5.13  4.10  9.63  6.49  9.06  8.45  4.90  7.73  9.26  6.38  9.52  6.52  6.51  8.13  10.49  7.39  6.45  6.98  11.03  6.76  7.90  7.97  6.71  8.03  3.67  9.13  8.81 
 9.53  4.88  10.78  6.78  8.13  8.41  6.18  4.32  2.64  4.37  6.40  8.52  9.40  8.57  10.43  8.23  8.70  2.03  12.38  7.78  12.19  7.19  9.68  9.08  11.43  6.06  8.00  8.94  8.89  10.27 
 8.99  6.89  5.20  8.74  7.34  6.34  6.89  8.89  4.83  10.05  12.41  8.96  8.47  7.37  9.78  5.57  10.05  5.18  4.87  8.95  6.76  9.17  9.16 -3.06  6.94  8.51  11.45  7.13  7.47  4.45 
 11.16  6.23  7.63  8.68  9.15  9.34  9.42  8.82  10.43  7.07  8.78  11.50  10.15  5.65  7.40  7.24  9.87  8.61  7.23  7.85  9.37  9.41  7.33  8.40  8.56  6.26  8.84  7.31  7.85  4.15 
 10.48  9.45  6.63  7.02  9.31  8.95  11.82  8.00  5.68  7.39  8.87  10.99  10.38  8.06  9.78  6.98  8.59  4.01  11.12  6.05  8.45  9.69  8.39  11.00  9.35  7.34  11.27  4.33  5.00  10.57 
 9.18  8.98  9.40  10.21  7.27  9.15  8.39  3.46  12.46  9.51  6.42  7.08  5.51  8.63  9.59  8.60  7.31  7.34  5.80  9.36  6.51  9.39  7.53  5.83  7.76  8.11  4.97  8.14  9.15  7.59 
 8.17  8.39  9.88  16.79  5.73  10.83  8.13  10.66  6.29  8.67  5.78  6.13  5.18  5.25  11.22  6.95  5.72  11.60  10.57  10.04  7.28  8.23  9.70  8.12  9.68  9.02  5.90  4.72  8.79  7.28 
 8.41  7.01  11.64  6.38  11.00  7.47  8.94  4.59  9.97  7.45  8.26  8.14  8.14  6.13  8.05  9.68  5.70  7.68  10.43  9.07  10.65  5.62  5.04  7.59  5.26  7.90  8.90  9.26  9.36  7.34 
 8.85  8.94  9.32  6.72  6.56  7.19  10.17  9.82  10.24  8.73  5.52  7.03  4.15  5.45  8.44  6.21  5.85  11.40  7.35  9.51  5.38  9.34  9.96  7.00  6.41  8.77  5.31  8.42  8.87  7.00 
 10.23  6.24  11.35  8.23  7.82  9.64  5.01  8.91  10.49  14.83  6.60  8.72  6.40  8.79  7.75  8.57  7.28  9.27  6.16  5.70  10.77  6.05  8.32  8.54  9.72  9.34  8.78  7.49  6.75  9.00 
 9.92  6.32  6.15  7.02  9.38  5.81  10.00  8.52  7.34  4.74  6.67  8.39  4.44  8.80  9.84  9.02  1.26  11.25  8.36  3.78  11.65  8.87  7.65  8.29  7.41  8.29  6.73  5.22  9.46  7.41 
 10.20  8.67  6.68  7.79  7.05  9.04  6.01  8.55  5.42  10.54  2.26  9.46  6.06  4.45  6.59  8.32  7.91  9.47  8.79  6.81  7.52  9.34  7.27  8.91  10.08  8.48  4.40  9.41  7.43  11.03 
 9.92  7.93  8.16  4.97  8.72  7.99  7.63  9.10  9.65  10.77  7.89  10.93  10.72  5.24  10.79  10.29  7.26  6.82  4.99  2.82  4.96  7.93  9.97  9.86  5.15  9.09  8.32  9.20  6.76  6.79 
 10.06  8.60  8.53  5.28  7.88  9.34  10.58  7.36  8.36  4.25  8.38  8.84  10.34  2.54  9.73  6.48  11.95  8.20  6.02  8.61  7.83  9.23  11.50  7.95  7.17  7.10  11.49  9.02  7.55  8.43 
 8.39  5.22  7.12  6.87  10.71  5.24  8.49  10.70  5.21  7.74  8.34  4.92  11.86  5.59  6.29  9.54  8.61  10.57  8.91  9.58  11.27  7.17  8.11  11.18  4.49  7.77  3.84  7.90  6.33  12.97 
 8.75  6.36  6.38  9.57  7.67  4.78  7.06  7.52  9.32  8.83  13.83  6.22  2.12  7.90  10.98  9.47  9.07  10.32  6.42  8.69  8.22  7.52  8.28  7.96  8.23  8.76  4.75  9.04  8.45  8.16 
 12.79  8.93  7.19  6.97  4.35  10.88  6.20  7.69  6.26  9.80  8.21  8.15  8.59  5.93  6.92  6.66  7.23  7.89  9.64  5.72  9.38  6.25  10.50  4.53  3.64  5.35  8.01  3.95  12.29  9.66 
 11.40  6.99  8.79  7.71  10.09  13.58  4.25  7.69  6.93  7.51  9.48  8.88  7.99  4.38  6.34  7.48  5.40  9.38  8.75  9.83  11.50  6.40  8.45  6.44  7.81  8.53  8.81  7.26  8.73  11.68 
 10.80  7.06  10.22  4.08  7.76  10.02  8.05  10.45 -0.80  5.94  4.32  6.58 -1.96  7.58  4.70  7.28  5.72  5.94  7.83  6.19  6.06  10.94  7.99  13.11  7.93  6.18  7.57  7.70  9.66  6.26 
 10.61  8.92  8.12  12.46  6.04  8.48  8.27  6.64  11.28  11.35  8.40  8.80  7.57  7.39  8.99  9.03  12.33  7.01  15.43  8.30  8.95  8.08  9.92  9.51  4.72  10.09  7.44  7.54  4.15  7.91 
 11.41  8.74  8.44  7.56  9.75  9.51  8.82  10.95  6.85  6.18  6.63  10.06  4.17  4.30  7.23  5.38  7.21  7.12  4.08  6.95  7.65  8.87  11.56  9.41  8.62  8.99  9.53  6.70  7.92  9.00 
 12.00  6.98  2.89  6.18  8.23  11.34  4.10  7.80  9.88  8.48  4.91  7.28  6.24  9.57  7.84  8.64  8.17  8.82  7.91  8.64  11.57  10.21  9.52  12.47  10.08  8.22  5.03  8.42  5.59  7.86 
 12.08  9.12  7.48  9.03  7.70  6.65  10.08  12.57  10.21  7.97  7.88  7.69  9.95  9.48  11.57  8.79  6.18  10.33  7.70  7.05  8.26  8.92  7.48  9.79  10.82  8.41  5.07  3.44  7.60  6.69 
 14.09  6.23  8.60  10.66  12.06  6.40  1.59  12.40  5.78  9.07  8.16  8.11  3.29  4.64  7.80  9.72  5.84  2.33  9.57  7.92  8.25  8.33  8.98  8.39  8.62  10.00  7.92  10.81  8.22  6.61 
 10.89  8.16  9.68  9.00  9.19  9.83  7.83  5.32  12.08  8.57  6.40  9.47  9.37  9.31  6.57  9.38  6.58  3.79  6.92  8.86  8.37  10.66  5.84  9.60  8.86  7.96  8.50  8.57  6.10  10.12 
 11.50  2.22  11.34  7.58  11.06  6.15  12.02  8.07  8.10  8.20  9.56  5.24  11.16  9.42  5.67  10.31  3.04  6.21  10.73  11.92  6.74  8.31  8.85  10.38  9.30  8.19  10.30  6.73  8.21  7.47 
 11.14  7.81  5.07  8.47  8.28  5.83  8.35  12.36  8.70  9.86  10.97  7.79  4.46  6.50  7.72  10.25  9.84  8.71  6.47  5.23  8.68  7.47  4.85  11.70  10.41  7.85  10.69  9.11  3.81  6.11 
 13.86  8.40  9.35  9.83  8.03  6.86  6.78  10.15  9.31  7.58  8.91  3.69  9.55  9.27  10.63  9.35  8.83  7.24  9.24  7.39  9.03  12.95  8.24  7.22  8.19  6.93  6.49  5.97  8.64  6.86 
 11.89  7.78  8.01  6.09  5.63  6.41  9.54  10.15  11.89  8.56  8.01  5.12  8.87  8.90  7.96  7.86  8.62  11.95  6.44  7.49  10.19  3.80  12.62  7.60  9.19  8.37  7.44  8.55  5.63  11.44 
 9.57  5.09  2.09  8.52  6.23  5.11  8.26  5.60  11.20  5.23  6.37  11.65  14.34  10.36  6.48  9.33  7.15  6.41  8.80  8.69  13.76  8.50  6.04  8.59  10.16  6.94  8.40  6.63  7.08  7.36 
 10.89  5.81  6.74  8.69  10.47  6.63  2.88  9.26  5.11  8.25  10.23  4.88  7.06  8.30  7.97  6.34  9.39  8.95  5.40 -0.59  7.93  7.52  10.29  10.79  2.46  7.55  6.78  8.50  6.53  11.40 
 12.49  8.97  6.90  7.01  5.56  6.87  10.99  7.61  6.02  9.78  10.09  9.41  5.37  5.82  10.84  8.01  7.70  7.52  4.21  7.11  8.64  7.16  9.35  8.79  8.99  6.91  8.47  4.13  10.03  6.53 
 12.40  7.16  7.51  6.04  8.27  9.20  10.36  13.45  10.67  9.94  7.36  9.39  3.50  8.77  7.64  7.19  6.63  7.43  9.59  8.22  7.24  6.35  7.83  8.42  8.77  7.44  10.60  7.59  4.11  6.98 
 7.69  5.59  10.23  6.59  9.61  5.25  9.13  5.93  10.25  6.36  6.63  8.19  7.27  9.19  4.93  12.00  5.03  10.17  9.28  7.70  7.24  7.35  8.79  7.65  7.10  7.01  8.45  8.18  10.64  5.77 
 11.32  7.72  12.12  6.98  9.07  6.77  7.66  8.09  7.66  8.32  6.48  5.51  9.33  6.81  6.04  8.37  7.42  6.07  8.23  3.41  6.77  11.32  8.58  10.04  9.21  0.00  4.45  4.08  5.74  8.62 

 4791 - 4830
 9.08 -0.78  4.58 -1.85  5.63 -0.54  0.37  2.14  0.79 -0.53  0.63  2.03  3.15  1.62 -1.88  2.36 -3.08  2.88  2.86  5.62 -0.54  2.09  4.02  6.33  3.66  0.40  0.78  0.41  3.85  4.83 
 1.20  2.97  4.27  0.92 -0.16  5.52  2.15  3.97  3.39 -0.41  2.64  4.17  1.34  4.41  1.45  1.42  3.19  5.55  2.39  1.43  1.95  6.06  1.98  3.07  2.96  1.78  2.84 -1.60  3.84  3.61 
 5.28  0.66  6.57  2.56  3.87  4.26  1.67 -0.88 -2.45 -0.88  1.36  3.41  4.42  3.56  5.37  3.16  3.79 -2.92  7.29  2.79  7.12  2.19  4.82  4.19  6.44  0.98  2.84  3.70  3.71  5.00 
 4.74  2.70  0.99  4.53  2.85  1.70  2.05  3.70 -0.37  4.71  7.25  3.84  3.52  2.39  4.69  0.47  5.10  0.21 -0.20  3.97  1.71  4.19  4.17 -7.99  2.09  3.50  6.36  1.92  2.28 -0.71 
 6.31  1.54  2.95  3.78  4.10  3.99  3.92  3.33  5.07  1.75  3.59  6.47  5.19  0.68  2.36  2.23  4.95  3.67  2.11  2.71  4.27  4.32  2.34  3.42  3.56  1.25  3.79  2.13  2.63 -1.00 
 4.99  3.95  1.06  1.52  3.98  3.40  6.31  2.72  0.38  2.00  3.67  5.88  5.49  2.90  4.57  1.79  3.50 -1.06  5.93  0.80  3.25  4.51  3.38  5.97  4.32  3.27  6.21 -0.74 -0.11  5.46 
 3.75  3.60  3.97  4.79  1.95  3.68  3.02 -1.87  7.06  4.25  1.27  2.12  0.46  3.45  4.36  3.51  2.19  2.31  0.65  4.14  1.33  4.20  2.34  0.61  2.50  2.90 -0.18  2.96  3.96  2.45 
 3.25  3.26  4.78  11.57  0.30  5.37  3.03  5.45  0.97  3.37  0.59  1.02  0.04 -0.06  5.94  1.74  0.64  6.51  5.39  4.88  2.07  3.04  4.56  2.86  4.37  3.82  0.71 -0.46  3.53  2.15 
 3.49  1.99  6.70  1.38  5.75  2.10  3.65 -0.90  4.44  1.96  3.03  3.12  3.13  0.91  2.80  4.47  0.63  2.40  5.19  3.92  5.44  0.42 -0.05  2.41  0.01  2.64  3.60  3.93  4.06  2.14 
 3.63  3.93  4.20  1.63  1.52  2.20  4.93  4.22  4.58  3.15  0.20  1.83 -0.97  0.21  3.13  1.03  0.80  6.28  2.22  4.39  0.19  4.21  4.91  1.93  1.21  3.55  0.04  3.21  3.60  1.82 
 5.45  1.53  6.58  3.46  2.80  4.35 -0.28  3.41  5.01  9.42  1.44  3.63  1.31  3.60  2.51  3.35  2.21  4.20  1.09  0.59  5.58  0.92  3.22  3.44  4.60  4.08  3.55  2.28  1.60  3.89 
 5.30  1.73  1.51  2.26  4.51  0.69  4.61  3.14  2.06 -0.44  1.60  3.42 -0.58  3.66  4.63  3.81 -3.83  6.17  3.24 -1.30  6.48  3.70  2.53  3.15  2.28  3.13  1.52  0.03  4.26  2.24 
 5.50  4.06  1.92  3.00  2.03  3.88  0.67  3.45  0.23  5.38 -2.93  4.37  1.05 -0.62  1.41  3.11  2.80  4.33  3.64  1.68  2.38  4.18  2.10  3.73  4.92  3.29 -0.79  4.22  2.27  5.85 
 5.19  3.04  3.35  0.03  3.43  2.58  2.45  4.07  4.53  5.58  2.72  5.81  5.66  0.19  5.65  5.13  2.16  1.73 -0.17 -2.38 -0.19  2.74  4.84  4.69  0.02  3.86  3.14  4.00  1.48  1.58 
 5.34  3.87  3.82  0.39  2.55  4.12  5.51  2.20  2.99 -1.06  3.13  3.74  5.35 -2.41  4.79  1.43  6.90  3.11  0.91  3.51  2.67  4.04  6.33  2.74  1.97  1.88  6.36  3.80  2.30  3.23 
 3.50  0.29  2.23  1.80  5.53  0.07  3.32  5.43 -0.23  2.42  3.15 -0.16  6.83  0.60  1.27  4.47  3.58  5.48  3.84  4.46  6.14  2.04  2.98  6.08 -0.68  2.65 -1.23  2.74  1.13  7.77 
 3.47  1.10  1.17  4.32  2.34 -0.55  1.72  2.25  3.94  3.51  8.61  1.11 -2.94  2.84  5.97  4.44  4.01  5.25  1.34  3.56  3.11  2.42  3.15  2.87  3.12  3.65 -0.36  3.97  3.28  2.95 
 7.51  3.70  2.01  1.64 -0.97  5.59  0.88  1.81  0.96  4.48  2.97  3.09  3.62  0.95  1.86  1.60  2.12  2.80  4.53  0.59  4.35  1.17  5.47 -0.53 -1.44  0.21  2.91 -1.16  7.13  4.46 
 6.25  1.95  3.71  2.56  4.94  8.37 -0.94  2.46  1.73  2.32  4.35  3.91  2.96 -0.64  1.31  2.40  0.30  4.31  3.66  4.71  6.41  1.39  3.42  1.42  2.74  3.39  3.63  2.11  3.53  6.54 
 5.60  1.83  4.74 -1.17  2.51  4.65  2.72  5.26 -5.97  0.80 -0.70  1.53 -7.00  2.44 -0.42  2.19  0.60  0.77  2.70  1.00  0.88  5.82  2.89  8.04  2.84  1.06  2.40  2.55  4.47  1.11 
 5.26  3.57  2.81  7.07  0.74  3.14  2.90  1.32  5.97  6.15  3.30  3.74  2.54  2.32  3.87  3.89  7.13  1.79  10.18  3.10  3.76  2.92  4.83  4.44 -0.43  5.00  2.32  2.41 -0.96  2.78 
 6.12  3.50  3.17  2.17  4.42  4.24  3.60  5.74  1.58  0.97  1.50  5.01 -0.89 -0.78  2.24  0.33  2.08  1.89 -1.20  1.64  2.37  3.65  6.40  4.30  3.42  3.96  4.39  1.62  2.79  3.85 
 6.98  1.84 -2.20  1.11  3.09  6.10 -1.11  2.48  4.65  3.30 -0.29  2.16  1.13  4.36  2.68  3.50  3.05  3.60  2.61  3.32  6.32  5.04  4.37  7.34  4.93  3.03 -0.14  3.29  0.44  2.67 
 7.01  3.95  2.41  3.87  2.57  1.49  4.86  7.33  4.98  2.76  2.69  2.50  4.82  4.29  6.40  3.68  1.04  5.15  2.48  1.77  2.90  3.69  2.34  4.68  5.63  3.21 -0.07 -1.69  2.41  1.53 
 8.90  0.95  3.31  5.38  6.90  1.20 -3.58  7.24  0.49  3.85  3.03  3.05 -1.80 -0.43  2.74  4.62  0.71 -2.85  4.37  2.69  3.03  3.10  3.80  3.28  3.50  4.85  3.28  5.65  3.09  1.48 
 5.54  2.89  4.35  3.74  4.05  4.57  2.57  0.07  6.84  3.41  1.30  4.35  4.28  4.22  1.50  4.34  1.50 -1.31  1.77  3.66  3.20  5.55  0.76  4.49  3.69  2.82  3.38  3.47  1.02  4.99 
 6.48 -2.78  6.39  2.47  5.90  0.92  6.87  2.88  2.90  3.07  4.42  0.09  6.05  4.31  0.67  5.25 -2.07  1.11  5.61  6.81  1.68  3.19  3.75  5.35  4.20  3.10  5.22  1.56  3.09  2.38 
 6.20  2.81  0.03  3.42  3.17  0.70  3.23  7.25  3.59  4.81  5.92  2.74 -0.65  1.38  2.70  5.25  4.79  3.61  1.42  0.10  3.59  2.39 -0.22  6.63  5.38  2.83  5.55  3.95 -1.36  0.97 
 8.84  3.49  4.38  4.81  2.94  1.76  1.44  5.06  4.24  2.50  3.80 -1.35  4.50  4.21  5.53  4.31  3.80  2.16  4.10  2.21  3.95  7.84  3.20  2.21  3.17  1.90  1.39  0.83  3.54  1.77 
 6.95  2.76  2.99  1.11  0.45  1.25  4.39  4.99  6.77  3.42  2.89 -0.00  3.72  3.81  2.88  2.84  3.60  6.85  1.34  2.33  5.02 -1.36  7.52  2.46  4.07  3.34  2.36  3.36  0.37  6.34 
 4.61  0.03 -2.92  3.57  1.24  0.01  3.10  0.45  6.06  0.09  1.31  6.55  9.23  5.29  1.40  4.31  2.13  1.23  3.77  3.59  8.58  3.34  0.93  3.46  5.07  1.84  3.29  1.52  1.94  2.21 
 5.96  0.72  1.77  3.63  5.41  1.59 -2.23  4.09 -0.05  3.16  5.18 -0.27  1.92  3.22  2.83  1.20  4.25  3.81  0.31 -5.64  2.83  2.35  5.18  5.69 -2.60  2.47  1.72  3.40  1.45  6.28 
 7.41  4.02  1.78  1.95  0.42  1.83  5.86  2.48  0.82  4.62  4.97  4.23  0.22  0.72  5.80  2.94  2.61  2.47 -0.89  1.99  3.52  2.08  4.35  3.75  3.92  1.84  3.44 -0.93  4.95  1.46 
 7.32  2.11  2.41  0.97  3.15  4.14  5.31  8.37  5.52  4.85  2.25  4.26 -1.58  3.64  2.53  2.07  1.51  2.38  4.53  3.10  2.14  1.38  2.77  3.40  3.65  2.39  5.54  2.48 -0.96  1.90 
 2.68  0.42  5.10  1.45  4.51  0.18  4.09  0.84  5.07  1.19  1.53  3.15  2.16  4.05 -0.20  6.94 -0.06  5.16  4.31  2.67  2.15  2.33  3.73  2.66  2.09  2.00  3.36  3.05  5.54  0.65 
 0.00  2.65  6.94  1.82  4.09  1.66  2.72  3.09  2.57  3.23  1.38  0.44  4.25  1.75  1.02  3.36  2.39  0.96  3.10 -1.59  1.71  6.28  3.54  5.07  4.19  6.23 -0.62 -0.99  0.60  3.55 

 4831 - 4883
 9.11 -0.74  4.63 -1.77  5.69 -0.50  0.40  2.19  0.84 -0.48  0.66  2.10  3.19  1.66 -1.83  2.41 -3.01  2.91  2.93  5.82 -0.50  2.12  4.04  6.36  3.70  0.43  0.80  0.51  -2.44  4.92 
 1.25  3.01  4.36  0.97 -0.09  5.52  2.21  4.00  3.44 -0.35  2.72  4.22  1.39  4.47  1.50  1.46  3.24  5.62  2.42  1.47  1.98  6.12  2.02  3.10  2.97  1.80  2.87 -1.56  3.96  3.71 
 5.42  0.73  6.65  2.61  3.93  4.28  1.73 -0.85 -2.39 -0.82  1.46  3.46  4.45  3.63  5.43  3.19  3.81 -2.90  7.34  2.82  7.17  2.22  4.84  4.25  6.46  1.03  2.88  3.72  3.78  5.08 
 4.78  2.70  1.07  4.58  2.92  1.75  2.09  3.72 -0.34  4.74  7.29  3.89  3.55  2.43  4.75  0.50  5.16  0.25 -0.17  3.99  1.75  4.25  4.20 -7.94  2.12  3.51  6.35  1.97  2.33 -0.68 
 6.37  1.57  2.95  3.81  4.12  4.05  3.93  3.36  5.12  1.78  3.63  6.53  5.23  0.73  2.41  2.28  4.99  3.71  2.14  2.74  4.30  4.36  2.36  3.48  3.59  1.30  3.80  2.17  2.69 -0.96 
 5.05  3.97  1.09  1.55  4.03  3.44  6.37  2.76  0.43  2.04  3.70  5.92  5.51  2.91  4.64  1.84  3.54 -1.04  5.95  0.82  3.27  4.54  3.42  6.01  4.36  4.40  6.24 -0.69 -0.06  5.48 
 3.87  3.61  4.03  4.84  2.03  3.71  3.06 -1.82  7.12  4.28  1.32  2.17  0.52  3.50  4.38  3.50  2.22  2.36  0.68  4.16  1.33  4.22  2.39  0.64  2.55  2.95 -0.15  3.03  4.02  2.47 
 3.29  3.33  4.84  11.62  0.39  5.46  3.06  5.51  0.98  3.40  0.62  1.06  0.10 -0.02  5.98  1.76  0.66  6.55  5.40  4.90  2.09  3.06  4.59  2.92  4.43  3.86  0.74 -0.41  3.56  2.14 
 3.53  2.04  6.76  1.45  5.80  2.12  3.64 -0.88  4.50  2.02  3.06  3.17  3.14  0.95  2.86  4.50  0.67  2.45  5.21  3.96  5.48  0.46  0.00  2.43  0.05  2.67  3.60  3.98  4.09  2.16 
 3.79  3.94  4.22  1.62  1.55  2.20  4.96  4.25  4.63  3.18  0.20  1.89 -0.95  0.26  3.17  1.04  0.83  6.30  2.21  4.40  0.22  4.23  4.91  1.97  1.25  3.57  0.07  3.23  3.65  1.86 
 5.49  1.58  6.63  3.47  2.81  4.41 -0.25  3.42  5.03  9.44  1.46  3.66  1.35  3.60  2.52  3.37  2.22  4.23  1.11  0.62  5.60  0.93  3.24  3.47  4.64  4.11  3.59  2.32  1.61  3.88 
 5.35  1.75  1.57  2.31  4.57  0.75  4.66  3.19  2.08 -0.39  1.63  3.48 -0.53  3.72  4.66  3.86 -3.77  6.22  3.28 -1.25  6.53  3.73  2.54  3.15  2.32  3.14  1.54  0.07  4.27  2.26 
 5.56  4.15  1.97  3.08  2.09  3.93  0.72  3.51  0.29  5.44 -2.89  4.39  1.10 -0.59  1.45  3.15  2.85  4.37  3.67  1.70  2.40  4.22  2.15  3.76  4.94  3.30 -0.77  4.27  2.30  5.90 
 5.26  3.07  3.42  0.13  3.48  2.63  2.48  4.08  4.57  5.61  2.74  5.85  5.71  0.22  5.67  5.14  2.21  1.76 -0.14 -2.35 -0.15  2.81  4.87  4.73  0.03  3.92  3.18  4.04  1.51  1.60 
 5.39  3.89  3.85  0.44  2.59  4.14  5.53  2.21  3.04 -1.02  3.12  3.77  5.39 -2.38  4.80  1.44  6.92  3.14  0.91  3.53  2.69  4.09  6.35  2.76  1.99  1.92  6.40  3.82  2.32  3.25 
 3.55  0.33  2.29  1.92  5.58  0.11  3.36  5.47 -0.17  2.42  3.17 -0.12  6.84  0.60  1.28  4.49  3.60  5.52  3.88  4.45  6.15  2.07  3.00  6.11 -0.64  2.69 -1.19  2.80  1.16  7.81 
 3.52  1.15  1.20  4.39  2.38 -0.50  1.76  2.31  3.98  3.54  8.63  1.12 -2.92  2.89  5.98  4.46  4.02  5.30  1.37  3.58  3.14  2.44  3.21  2.92  3.15  3.68 -0.34  4.01  3.33  2.99 
 7.57  3.70  2.00  1.70 -0.88  5.61  0.90  2.78  1.00  4.51  3.02  3.13  3.66  0.98  1.89  1.62  2.15  2.83  4.55  0.65  4.37  1.21  5.49 -0.50 -1.43  0.25  2.96 -1.14  7.15  4.50 
 6.30  1.99  3.73  2.61  4.94  8.38 -0.89  2.49  1.76  2.32  4.38  3.95  2.97 -0.60  1.33  2.42  0.29  4.34  3.67  4.73  6.45  1.40  3.44  1.44  2.77  3.42  3.66  2.12  3.55  6.58 
 5.65  1.88  5.34 -1.21  2.52  4.67  2.74  5.31 -5.95  0.81 -0.70  1.54 -6.99  2.46 -0.42  2.19  0.64  0.79  2.72  1.01  0.91  5.87  2.94  8.04  2.87  1.10  2.42  2.59  4.50  1.14 
 5.31  3.61  2.84  7.07  0.78  3.13  2.92  1.34  5.98  6.15  3.30  3.76  2.56  2.34  3.89  3.90  7.16  1.83  10.23  3.11  3.78  2.95  4.83  4.43 -0.42  5.03  2.34  2.43 -0.93  2.79 
 6.18  3.58  3.21  2.22  4.46  4.27  3.65  5.76  1.64  1.05  1.54  5.03 -0.90 -0.74  2.26  0.36  2.10  1.94 -1.15  1.68  2.41  3.70  6.43  4.31  3.43  3.99  4.42  1.64  2.83  3.89 
 7.03  1.90 -2.15  1.07  3.12  6.15 -0.75  2.53  4.68  3.36 -0.25  2.18  1.14  4.39  2.73  3.53  3.12  3.63  2.65  3.34  6.34  5.05  4.40  7.37  4.96  3.06 -0.14  3.31  0.45  2.72 
 7.02  4.00  2.43  3.90  2.63  1.52  4.89  7.37  5.01  2.82  2.73  2.52  4.84  4.33  6.42  3.71  1.06  5.18  2.50  1.79  2.90  3.72  2.36  4.70  5.67  3.25 -0.03 -1.66  2.46  1.58 
 8.94  1.02  3.37  5.42  6.94  1.24 -3.54  7.28  0.53  3.93  3.08  3.08 -1.75 -0.41  2.77  4.65  0.76 -2.79  4.41  2.70  3.08  3.15  3.83  3.29  3.52  4.86  3.41  5.69  3.14  1.05 
 5.58  2.93  4.35  3.78  4.07  4.61  2.62  0.08  6.89  3.44  1.31  4.41  4.35  4.26  1.55  4.37  1.54 -1.28  1.80  3.70  3.23  5.58  0.81  4.54  3.73  2.87  3.40  3.51  1.07  5.04 
 6.57 -2.76  6.44  2.51  5.95  0.97  6.92  2.93  2.91  3.09  4.43  0.14  6.06  4.35  0.72  5.29 -2.02  1.16  5.65  6.85  1.73  3.23  3.78  5.37  4.24  3.14  5.25  1.60  3.12  2.40 
 6.26  2.84  0.07  3.50  3.21  0.75  3.26  7.28  3.65  4.83  5.97  2.78 -0.60  1.43  2.75  5.33  4.83  3.67  1.44  0.14  3.63  2.43 -0.18  6.68  5.41  2.88  5.57  3.98 -1.32  1.00 
 8.87  3.49  4.44  4.86  3.00  1.82  1.71  5.09  4.31  2.54  3.86 -1.30  4.53  4.22  5.57  4.33  3.80  2.19  4.14  2.25  3.97  7.87  3.21  2.25  3.22  1.93  1.37  0.88  3.59  1.80 
 7.02  2.80  3.00  1.13  0.50  1.29  4.42  5.05  6.81  3.51  2.93  0.06  3.78  3.82  2.93  2.84  3.65  6.89  1.36  2.38  5.06 -1.31  7.55  2.51  4.06  3.37  2.39  3.41  0.41  6.34 
 4.69  0.07 -2.86  3.62  1.26  0.05  3.14  0.52  6.12  0.13  1.35  6.60  9.27  5.33  1.44  4.40  2.19  1.28  3.80  3.63  8.63  3.38  0.93  3.50  5.10  1.88  3.32  1.56  1.96  2.24 
 6.03  0.75  1.77  3.69  5.48  1.61 -2.21  4.15  0.04  3.18  5.20 -0.23  1.97  3.26  2.88  1.25  4.31  3.82  0.36 -5.61  2.87  2.40  5.24  5.72 -2.56  2.51  1.77  3.45  1.48  6.32 
 7.43  4.05  1.82  1.97  0.47  1.87  5.92  2.52  0.85  4.66  4.99  4.27  0.28  0.78  5.84  2.99  2.64  2.53 -0.87  2.03  3.56  2.13  4.40  3.78  3.95  1.88  3.46 -0.88  4.99  1.48 
 7.37  2.17  2.43  1.01  3.22  4.18  5.35  8.40  5.57  4.88  2.28  4.31 -1.53  3.68  2.61  2.11  1.56  2.41  4.56  3.14  2.19  1.41  2.81  3.42  3.71  2.43  5.58  2.53 -0.91  1.92 
 2.75  0.49  5.18  1.52  4.57  0.27  4.14  0.91  5.11  1.23  1.56  3.19  2.19  4.10 -0.18  6.98 -0.01  5.21  4.35  2.68  2.20  2.40  3.76  2.69  2.14  2.04  3.43  3.07  5.55  0.68 
 6.23  2.72  6.96  1.88  4.15  1.73  2.76  3.13  2.61  3.27  1.44  0.48  4.28  1.80  1.04  3.40  2.45  1.01  3.13 -1.56  1.75  6.30  3.59  5.12  4.23  0.00 -0.59 -0.97  0.65  3.58 

 4884 - 4937
 9.12 -0.70  4.65 -1.72  5.71 -0.45  0.43  2.22  0.85 -0.45  0.69  2.12  3.23  1.68 -1.77  2.45 -2.99  2.93  2.95  5.91 -0.46  2.14  4.08  6.38  3.75  0.48  0.87  0.50  1.10  4.90 
 1.31  3.02  4.41  0.98 -0.05  5.54  2.22  4.04  3.49 -0.34  2.75  4.26  1.42  4.48  1.53  1.50  3.27  5.66  2.46  1.52  2.03  6.15  2.03  3.14  3.02  1.84  2.91 -1.54  3.97  3.69 
 5.43  0.75  6.65  2.68  3.95  4.31  1.75 -0.80 -2.36 -0.78  1.49  3.49  4.46  3.64  5.46  3.23  3.85 -2.86  7.37  2.83  7.21  2.26  4.87  4.27  6.51  1.07  2.92  3.74  3.79  5.12 
 4.82  2.76  1.09  4.63  2.97  1.78  2.12  3.78 -0.31  4.78  7.33  3.93  3.59  2.46  4.77  0.52  5.20  0.30 -0.14  4.01  1.77  4.27  4.24 -7.90  2.16  3.55  6.39  1.98  2.35 -0.64 
 6.42  1.61  3.03  3.84  4.17  4.08  3.98  3.40  5.15  1.84  3.65  6.55  5.25  0.77  2.45  2.33  5.04  3.75  2.17  2.81  4.34  4.40  2.39  3.53  3.62  1.33  3.82  2.22  2.71 -0.94 
 5.08  4.01  1.15  1.59  4.12  3.51  6.37  2.78  0.49  2.05  3.75  5.95  5.55  2.94  4.67  1.86  3.57 -1.00  5.99  0.84  3.30  4.56  3.45  6.04  4.39  4.44  6.28 -0.64 -0.04  5.53 
 3.87  3.65  4.04  4.90  2.06  3.75  3.08 -1.79  7.15  4.33  1.37  2.22  0.55  3.53  4.41  3.53  2.25  2.39  0.71  4.20  1.36  4.25  2.42  0.66  2.57  2.99 -0.11  3.05  4.05  2.52 
 3.36  3.36  4.91  11.64  0.40  5.50  3.10  5.53  1.01  3.44  0.65  1.12  0.13  0.01  6.02  1.78  0.67  6.58  5.43  4.93  2.12  3.10  4.64  2.94  4.46  3.87  0.77 -0.38  3.59  2.19 
 3.59  2.10  6.79  1.46  5.86  2.14  3.67 -0.86  4.55  2.06  3.11  3.22  3.16  0.98  2.90  4.53  0.69  2.51  5.23  4.00  5.52  0.50  0.04  2.46  0.09  2.70  3.64  4.00  4.13  2.21 
 3.79  3.96  4.28  1.65  1.62  2.25  5.00  4.25  4.66  3.21  0.24  1.92 -0.91  0.30  3.19  1.06  0.85  6.33  2.21  4.43  0.24  4.27  4.94  2.00  1.26  3.61  0.12  3.23  3.68  1.89 
 5.56  1.57  6.66  3.53  2.84  4.43 -0.24  3.43  5.05  9.47  1.49  3.70  1.38  3.63  2.56  3.40  2.26  4.24  1.14  0.66  5.64  0.94  3.27  3.48  4.65  4.12  3.62  2.35  1.62  3.91 
 5.37  1.81  1.63  2.36  4.59  0.78  4.68  3.24  2.12 -0.37  1.65  3.50 -0.50  3.73  4.68  3.87 -3.73  6.24  3.30 -1.22  6.57  3.77  2.56  3.18  2.34  3.17  1.57  0.08  4.31  2.30 
 5.56  4.18  2.01  3.11  2.08  3.94  0.75  3.54  0.32  5.47 -2.89  4.40  1.14 -0.59  1.48  3.18  2.87  4.39  3.71  1.72  2.42  4.24  2.17  3.77  4.96  3.31 -0.76  4.32  2.34  5.93 
 5.28  3.10  3.44  0.13  3.53  2.66  2.49  4.10  4.61  5.65  2.76  5.88  5.72  0.25  5.70  5.15  2.23  1.79 -0.10 -2.32 -0.12  2.84  4.90  4.75  0.06  3.93  3.21  4.07  1.55  1.64 
 5.42  3.93  3.88  0.47  2.63  4.17  5.55  2.22  3.07 -0.98  3.14  3.80  5.44 -2.35  4.83  1.45  6.92  3.17  0.95  3.57  2.71  4.10  6.38  2.80  2.02  1.95  6.44  3.86  2.36  3.27 
 3.56  0.33  2.31  1.94  5.59  0.15  3.38  5.50 -0.15  2.45  3.19 -0.09  6.88  0.64  1.31  4.50  3.61  5.54  3.92  4.50  6.18  2.11  3.03  6.14 -0.61  2.74 -1.16  2.83  1.22  7.84 
 3.57  1.18  1.24  4.40  2.44 -0.47  1.78  2.36  3.99  3.60  8.65  1.17 -2.89  2.92  5.99  4.47  4.04  5.33  1.40  3.60  3.17  2.47  3.24  2.95  3.20  3.72 -0.30  4.05  3.35  3.02 
 7.62  3.73  2.06  1.75 -0.84  5.64  0.92  2.83  1.03  4.54  3.04  3.14  3.68  1.01  1.92  1.64  2.16  2.85  4.58  0.67  4.39  1.24  5.49 -0.48 -1.43  0.28  2.98 -1.10  7.17  4.52 
 6.33  2.02  3.76  2.65  4.99  8.40 -0.91  2.51  1.78  2.35  4.40  3.98  2.99 -0.55  1.37  2.44  0.31  4.37  3.70  4.76  6.47  1.44  3.46  1.46  2.79  3.45  3.71  2.12  3.57  6.61 
 5.66  1.89  5.39 -1.07  2.53  4.72  2.79  5.33 -5.93  0.84 -0.67  1.57 -6.95  2.49 -0.40  2.21  0.66  0.82  2.77  1.05  0.92  5.90  2.98  8.07  2.89  1.12  2.45  2.61  4.51  1.18 
 5.30  3.64  2.86  7.14  0.82  3.17  2.96  1.36  6.00  6.19  3.32  3.78  2.59  2.37  3.90  3.92  7.19  1.87  10.27  3.14  3.81  2.97  4.87  4.46 -0.39  5.05  2.36  2.46 -0.92  2.82 
 6.22  3.63  3.23  2.26  4.52  4.33  3.67  5.78  1.65  1.07  1.56  5.06 -0.83 -0.72  2.28  0.38  2.13  1.97 -1.11  1.71  2.45  3.74  6.47  4.34  3.45  4.03  4.43  1.67  2.87  3.92 
 7.08  1.92 -2.07  1.23  3.20  6.20 -1.08  2.55  4.69  3.41 -0.21  2.23  1.19  4.42  2.77  3.57  3.17  3.67  2.68  3.35  6.37  5.09  4.43  7.37  5.00  3.10 -0.10  3.35  0.49  2.76 
 7.08  4.04  2.47  3.96  2.64  1.59  4.93  7.39  5.04  2.88  2.75  2.57  4.88  4.35  6.45  3.74  1.10  5.20  2.53  1.82  2.92  3.75  2.40  4.73  5.70  3.29  0.01 -1.61  2.49  1.60 
 8.98  1.06  3.44  5.45  6.96  1.26 -3.53  7.32  0.58  3.97  3.13  3.12 -1.72 -0.38  2.82  4.68  0.79 -2.75  4.46  2.73  3.12  3.18  3.87  3.29  3.54  4.90  3.33  5.72  3.17  0.63 
 5.62  2.95  4.37  3.84  4.11  4.66  2.65  0.13  6.92  3.48  1.34  4.45  4.38  4.28  1.57  4.41  1.56 -1.22  1.83  3.73  3.26  5.61  0.83  4.57  3.75  2.90  3.44  3.55  1.12  5.06 
 6.60 -2.72  6.49  2.54  5.97  0.99  6.94  2.95  2.91  3.09  4.47  0.16  6.09  4.36  0.74  5.34 -2.01  1.19  5.70  6.88  1.77  3.27  3.80  5.40  4.27  3.17  5.28  1.64  3.15  2.43 
 6.28  2.90  0.11  3.55  3.25  0.79  3.30  7.30  3.65  4.86  5.97  2.82 -0.59  1.45  2.77  5.37  4.86  3.70  1.48  0.17  3.66  2.45 -0.15  6.72  5.43  2.89  5.62  4.02 -1.29  1.05 
 8.93  3.55  4.44  4.88  3.03  1.86  1.76  5.12  4.32  2.58  3.89 -1.27  4.53  4.26  5.62  4.38  3.83  2.22  4.19  2.28  4.01  7.91  3.24  2.29  3.26  1.97  1.44  0.93  3.64  1.83 
 7.05  2.86  3.07  1.19  0.53  1.31  4.46  5.07  6.83  3.54  2.97  0.07  3.83  3.85  2.97  2.88  3.68  6.94  1.40  2.43  5.10 -1.25  7.58  2.53  4.09  3.41  2.44  3.45  0.44  6.40 
 4.72  0.13 -2.81  3.65  1.31  0.05  3.19  0.58  6.15  0.15  1.39  6.64  9.30  5.35  1.46  4.43  2.23  1.32  3.83  3.66  8.68  3.45  0.98  3.52  5.13  1.91  3.37  1.60  2.01  2.27 
 6.06  0.81  1.83  3.72  5.53  1.63 -2.17  4.19  0.09  3.23  5.25 -0.20  2.01  3.28  2.89  1.27  4.34  3.85  0.41 -5.59  2.89  2.44  5.25  5.75 -2.52  2.56  1.82  3.49  1.53  6.34 
 7.47  4.09  1.86  2.01  0.50  1.88  5.95  2.54  0.90  4.72  5.03  4.31  0.31  0.82  5.86  2.99  2.66  2.55 -0.85  2.07  3.62  2.17  4.42  3.81  3.99  1.92  3.49 -0.84  5.02  1.52 
 7.41  2.21  2.49  1.01  3.24  4.24  5.39  8.44  5.60  4.91  2.34  4.36 -1.48  3.73  2.64  2.13  1.60  2.45  4.58  3.19  2.24  1.43  2.85  3.47  3.75  2.45  5.61  2.55 -0.89  1.96 
 2.78  0.51  5.23  1.55  4.64  0.30  4.18  0.97  5.16  1.28  1.59  3.24  2.24  4.13 -0.13  7.01  0.03  5.27  4.38  2.71  2.24  2.42  3.80  2.73  2.18  2.05  3.45  3.12  5.61  0.70 
 6.28  2.76  7.05  1.94  4.19  1.77  2.78  3.17  2.67  3.31  1.50  0.51  4.32  1.85  1.08  3.43  2.50  1.04  3.19 -1.53  1.81  6.32  3.64  5.14  4.26  0.00 -0.57 -0.93  0.69  3.54 

 4938 - 4952
 9.29 -0.69  4.60 -1.73  5.78 -0.45  0.45  2.24  0.86 -0.46  0.69  2.12  3.23  1.71 -1.80  2.43 -3.01  2.93  3.00  6.00 -0.43  2.16  4.07  6.40  3.78  0.50  0.91  0.50  1.44  4.90 
 1.30  3.01  4.38  1.00 -0.07  5.56  2.23  4.02  3.47 -0.32  2.77  4.26  1.47  4.48  1.51  1.50  3.26  5.65  2.47  1.55  2.06  6.20  2.07  3.14  3.00  1.85  2.90 -1.54  3.91  3.66 
 5.40  0.78  6.67  2.69  3.92  4.32  1.76 -0.79 -2.36 -0.71  1.51  3.51  4.49  3.66  5.46  3.22  3.86 -2.85  7.38  2.85  7.21  2.29  4.87  4.28  6.51  1.06  2.90  3.75  3.77  5.09 
 4.81  2.79  1.12  4.66  2.95  1.79  2.09  3.77 -0.29  4.79  7.32  3.93  3.58  2.50  4.75  0.52  5.20  0.30 -0.09  4.04  1.76  4.29  4.23 -7.90  2.19  3.53  6.41  1.96  2.35 -0.63 
 6.40  1.70  3.01  3.85  4.19  4.11  4.01  3.41  5.20  1.88  3.67  6.56  5.25  0.77  2.41  2.34  5.05  3.73  2.18  2.82  4.35  4.42  2.39  3.52  3.62  1.34  3.83  2.22  2.75 -0.90 
 5.10  4.03  1.16  1.59  4.09  3.48  6.41  2.78  0.50  2.10  3.78  5.97  5.57  2.96  4.69  1.87  3.60 -0.98  6.00  0.86  3.30  4.55  3.46  6.06  4.38  4.43  6.28 -0.64 -0.02  5.55 
 3.90  3.69  4.07  4.84  2.06  3.77  3.05 -1.82  7.17  4.35  1.35  2.20  0.54  3.50  4.42  3.57  2.26  2.35  0.72  4.20  1.35  4.25  2.42  0.61  2.56  3.00 -0.10  3.06  4.07  2.54 
 3.34  3.35  4.91  11.61  0.42  5.49  3.09  5.54  1.01  3.46  0.65  1.11  0.10 -0.04  5.99  1.79  0.66  6.56  5.45  4.92  2.11  3.13  4.63  2.95  4.44  3.89  0.80 -0.38  3.61  2.18 
 3.58  2.10  6.81  1.46  5.85  2.14  3.69 -0.83  4.56  2.08  3.10  3.21  3.19  1.00  2.88  4.53  0.68  2.51  5.23  4.02  5.52  0.52  0.03  2.47  0.08  2.70  3.63  4.01  4.13  2.22 
 3.80  3.93  4.30  1.67  1.58  2.23  5.01  4.31  4.66  3.21  0.23  1.94 -0.91  0.29  3.19  1.06  0.87  6.34  2.26  4.43  0.28  4.27  4.94  2.01  1.29  3.61  0.12  3.23  3.68  1.89 
 5.56  1.57  6.66  3.60  2.82  4.42 -0.22  3.44  5.01  9.40  1.49  3.68  1.38  3.65  2.55  3.39  2.28  4.23  1.15  0.67  5.66  0.97  3.26  3.49  4.65  4.15  3.62  2.33  1.61  3.91 
 5.34  1.78  1.60  2.36  4.56  0.75  4.65  3.23  2.08 -0.35  1.66  3.51 -0.49  3.74  4.69  3.89 -3.72  6.25  3.31 -1.25  6.56  3.78  2.58  3.16  2.31  3.15  1.57  0.08  4.29  2.30 
 5.57  4.18  1.99  3.13  2.11  3.96  0.76  3.53  0.33  5.47 -2.83  4.41  1.16 -0.57  1.48  3.19  2.88  4.39  3.70  1.73  2.41  4.27  2.20  3.77  4.97  3.32 -0.75  4.31  2.33  5.93 
 5.25  3.09  3.46  0.12  3.52  2.65  2.51  4.10  4.62  5.64  2.77  5.90  5.73  0.27  5.70  5.15  2.24  1.77 -0.07 -2.32 -0.09  2.86  4.94  4.75  0.08  3.93  3.21  4.07  1.54  1.66 
 5.38  3.91  3.88  0.46  2.62  4.17  5.56  2.23  3.07 -0.96  3.14  3.78  5.41 -2.34  4.85  1.49  6.95  3.17  0.95  3.57  2.72  4.12  6.38  2.80  2.03  1.93  6.43  3.86  2.35  3.28 
 3.58  0.36  2.31  1.96  5.60  0.17  3.39  5.51 -0.13  2.46  3.19 -0.08  6.87  0.63  1.34  4.50  3.64  5.58  3.91  4.50  6.20  2.10  3.04  6.12 -0.63  2.74 -1.16  2.82  1.23  7.87 
 3.53  1.22  1.24  4.40  2.45 -0.45  1.76  2.32  4.01  3.58  8.66  1.17 -2.89  2.91  6.02  4.50  4.04  5.34  1.38  3.61  3.15  2.46  3.25  2.94  3.19  3.72 -0.32  4.06  3.38  3.03 
 7.62  3.76  2.02  1.78 -0.84  5.63  0.93  2.86  1.04  4.51  3.09  3.17  3.70  1.01  1.91  1.66  2.15  2.85  4.61  0.68  4.39  1.24  5.51 -0.46 -1.40  0.30  3.01 -1.10  7.16  4.51 
 6.37  2.02  3.76  2.66  5.03  8.42 -0.87  2.52  1.82  2.36  4.41  3.99  2.99 -0.55  1.34  2.45  0.31  4.36  3.69  4.77  6.46  1.46  3.46  1.49  2.80  3.45  3.69  2.13  3.55  6.62 
 5.67  1.89  5.37 -1.10  2.51  4.72  2.77  5.32 -5.93  0.82 -0.68  1.57 -6.96  2.52 -0.37  2.21  0.66  0.83  2.75  1.04  0.92  5.90  2.97  8.09  2.88  1.14  2.46  2.61  4.50  1.18 
 5.35  3.59  2.87  7.19  0.81  3.16  2.94  1.36  6.00  6.19  3.33  3.77  2.61  2.38  3.88  3.91  7.20  1.87  10.27  3.13  3.83  2.96  4.86  4.45 -0.36  5.02  2.35  2.45 -0.90  2.81 
 6.24  3.63  3.25  2.28  4.54  4.32  3.70  5.78  1.67  1.08  1.58  5.06 -0.81 -0.73  2.26  0.39  2.10  2.00 -1.10  1.73  2.46  3.75  6.46  4.35  3.43  4.01  4.42  1.68  2.86  3.91 
 7.08  1.94 -2.09  1.21  3.17  6.21 -1.10  2.52  4.70  3.43 -0.20  2.23  1.15  4.39  2.75  3.57  3.17  3.70  2.67  3.35  6.38  5.09  4.45  7.38  4.99  3.09 -0.09  3.36  0.50  2.75 
 7.07  4.00  2.46  3.97  2.69  1.63  4.95  7.41  5.05  2.88  2.73  2.60  4.92  4.35  6.46  3.73  1.11  5.20  2.52  1.80  2.91  3.79  2.41  4.72  5.70  3.29  0.03 -1.59  2.51  1.60 
 8.94  1.09  3.44  5.46  7.01  1.27 -3.50  7.32  0.57  3.98  3.16  3.13 -1.70 -0.38  2.81  4.70  0.79 -2.75  4.45  2.75  3.13  3.19  3.86  3.29  3.53  4.93  3.38  5.73  3.17  0.65 
 5.60  2.98  4.36  3.83  4.09  4.64  2.65  0.10  6.89  3.45  1.32  4.45  4.36  4.28  1.59  4.41  1.55 -1.23  1.82  3.71  3.25  5.62  0.84  4.58  3.73  2.91  3.45  3.57  1.11  5.06 
 6.59 -2.74  6.52  2.52  5.96  0.98  6.94  2.96  2.90  3.11  4.47  0.18  6.11  4.37  0.75  5.36 -2.03  1.17  5.70  6.91  1.77  3.28  3.79  5.39  4.28  3.20  5.29  1.65  3.15  2.42 
 6.31  2.90  0.12  3.52  3.25  0.79  3.31  7.29  3.66  4.85  6.02  2.82 -0.60  1.45  2.77  5.40  4.86  3.67  1.44  0.14  3.68  2.44 -0.16  6.71  5.45  2.91  5.63  3.99 -1.27  1.03 
 8.91  3.53  4.47  4.90  3.03  1.82  1.81  5.15  4.37  2.56  3.89 -1.27  4.52  4.25  5.64  4.39  3.81  2.22  4.16  2.28  4.03  7.91  3.26  2.32  3.23  1.95  1.44  0.94  3.63  1.83 
 7.06  2.88  3.13  1.18  0.52  1.32  4.44  5.08  6.83  3.55  2.98  0.08  3.84  3.85  2.96  2.89  3.71  6.95  1.41  2.43  5.10 -1.28  7.56  2.55  4.10  3.40  2.43  3.45  0.45  6.42 
 4.72  0.11 -2.78  3.66  1.33  0.07  3.15  0.57  6.13  0.18  1.39  6.62  9.34  5.36  1.47  4.39  2.22  1.32  3.82  3.68  8.71  3.44  0.97  3.55  5.15  1.91  3.38  1.62  1.97  2.29 
 6.02  0.81  1.84  3.70  5.53  1.63 -2.19  4.21  0.07  3.28  5.26 -0.18  2.04  3.31  2.93  1.27  4.34  3.87  0.41 -5.59  2.90  2.42  5.27  5.74 -2.53  2.56  1.83  3.50  1.50  6.35 
 7.46  4.11  1.87  2.01  0.50  1.89  5.97  2.53  0.91  4.70  5.05  4.31  0.31  0.82  5.89  3.00  2.69  2.55 -0.84  2.11  3.58  2.17  4.43  3.78  3.98  1.92  3.51 -0.83  5.04  1.51 
 7.44  2.20  2.53  1.11  3.25  4.21  5.35  8.42  5.60  4.90  2.30  4.34 -1.47  3.75  2.62  2.14  1.63  2.41  4.61  3.20  2.25  1.43  2.82  3.49  3.73  2.48  5.62  2.58 -0.86  1.96 
 2.79  0.54  5.25  1.56  4.62  0.30  4.18  0.97  5.18  1.29  1.58  3.25  2.23  4.13 -0.11  7.01  0.00  5.26  4.41  2.70  2.26  2.42  3.80  2.73  2.19  2.06  3.45  3.12  5.61  0.74 
 6.38  2.79  7.19  1.97  4.20  1.80  2.78  3.19  2.66  3.30  1.48  0.49  4.33  1.84  1.08  3.43  2.50  1.06  3.19 -1.51  1.78  6.32  3.59  5.16  4.29  0.00 -0.58 -0.93  0.70  2.88 